block_id,Ward_Code,ward,area_m2,area_ha,target_m2,deviation_pct,status,building_count
W05-B001,W05,Ward 5,40634.81960206128,4.063481960206128,10000,306.3481960206128,above_preferred,1422
W05-B002,W05,Ward 5,40497.05003366759,4.049705003366759,10000,304.97050033667585,above_preferred,0
W05-B003,W05,Ward 5,40227.962182303374,4.022796218230337,10000,302.2796218230337,above_preferred,19
W05-B004,W05,Ward 5,40177.915162335965,4.017791516233596,10000,301.7791516233596,above_preferred,0
W05-B005,W05,Ward 5,40129.929663439216,4.012992966343922,10000,301.2992966343922,above_preferred,0
W05-B006,W05,Ward 5,40014.166866827174,4.001416686682718,10000,300.1416686682718,above_preferred,0
W05-B007,W05,Ward 5,40001.112307480784,4.000111230748078,10000,300.0111230748078,above_preferred,0
W05-B008,W05,Ward 5,39427.306058840186,3.9427306058840186,10000,294.27306058840185,above_preferred,1
W05-B009,W05,Ward 5,39426.63576077799,3.942663576077799,10000,294.26635760777987,above_preferred,0
W05-B010,W05,Ward 5,39418.388052695154,3.9418388052695152,10000,294.1838805269515,above_preferred,6
W05-B011,W05,Ward 5,39398.49939644323,3.939849939644323,10000,293.9849939644323,above_preferred,0
W05-B012,W05,Ward 5,39379.82951383081,3.937982951383081,10000,293.7982951383081,above_preferred,4
W05-B013,W05,Ward 5,39379.82951382023,3.937982951382023,10000,293.79829513820226,above_preferred,1
W05-B014,W05,Ward 5,39379.829513805584,3.937982951380558,10000,293.79829513805583,above_preferred,0
W05-B015,W05,Ward 5,39194.427207770925,3.9194427207770923,10000,291.94427207770923,above_preferred,4
W05-B016,W05,Ward 5,39194.427207770925,3.9194427207770923,10000,291.94427207770923,above_preferred,1
W05-B017,W05,Ward 5,39194.427207770925,3.9194427207770923,10000,291.94427207770923,above_preferred,0
W05-B018,W05,Ward 5,39194.427207770925,3.9194427207770923,10000,291.94427207770923,above_preferred,0
W05-B019,W05,Ward 5,39061.448131949,3.9061448131949,10000,290.61448131949004,above_preferred,1
W05-B020,W05,Ward 5,38898.75355330974,3.889875355330974,10000,288.9875355330974,above_preferred,0
W05-B021,W05,Ward 5,38802.48293570894,3.880248293570894,10000,288.0248293570894,above_preferred,0
W05-B022,W05,Ward 5,38802.48293567596,3.880248293567596,10000,288.0248293567596,above_preferred,0
W05-B023,W05,Ward 5,38761.65800771802,3.876165800771802,10000,287.61658007718023,above_preferred,0
W05-B024,W05,Ward 5,38670.021695109885,3.8670021695109886,10000,286.70021695109887,above_preferred,1
W05-B025,W05,Ward 5,38613.907782205475,3.8613907782205477,10000,286.1390778220548,above_preferred,14
W05-B026,W05,Ward 5,38526.72419099899,3.852672419099899,10000,285.2672419099899,above_preferred,0
W05-B027,W05,Ward 5,38482.65571654982,3.8482655716549825,10000,284.82655716549823,above_preferred,15
W05-B028,W05,Ward 5,38482.65571654982,3.8482655716549825,10000,284.82655716549823,above_preferred,0
W05-B029,W05,Ward 5,38482.65571654982,3.8482655716549825,10000,284.82655716549823,above_preferred,0
W05-B030,W05,Ward 5,38482.65571654982,3.8482655716549825,10000,284.82655716549823,above_preferred,1
W05-B031,W05,Ward 5,38482.65571654982,3.8482655716549825,10000,284.82655716549823,above_preferred,4
W05-B032,W05,Ward 5,38482.65571654982,3.8482655716549825,10000,284.82655716549823,above_preferred,38
W05-B033,W05,Ward 5,38482.65571653802,3.848265571653802,10000,284.8265571653802,above_preferred,12
W05-B034,W05,Ward 5,38482.65571653802,3.848265571653802,10000,284.8265571653802,above_preferred,0
W05-B035,W05,Ward 5,38442.07635982127,3.8442076359821273,10000,284.4207635982127,above_preferred,3
W05-B036,W05,Ward 5,38346.10660639301,3.834610660639301,10000,283.4610660639301,above_preferred,24
W05-B037,W05,Ward 5,38270.9162146367,3.82709162146367,10000,282.709162146367,above_preferred,0
W05-B038,W05,Ward 5,38045.758357025436,3.8045758357025434,10000,280.4575835702543,above_preferred,0
W05-B039,W05,Ward 5,37960.84795240595,3.796084795240595,10000,279.60847952405953,above_preferred,0
W05-B040,W05,Ward 5,37908.50438262254,3.790850438262254,10000,279.0850438262254,above_preferred,14
W05-B041,W05,Ward 5,37908.5043826135,3.79085043826135,10000,279.085043826135,above_preferred,9
W05-B042,W05,Ward 5,37908.5043826135,3.79085043826135,10000,279.085043826135,above_preferred,5
W05-B043,W05,Ward 5,37870.49548645386,3.787049548645386,10000,278.7049548645386,above_preferred,0
W05-B044,W05,Ward 5,37395.13930526736,3.7395139305267358,10000,273.95139305267355,above_preferred,1
W05-B045,W05,Ward 5,37395.13930526736,3.7395139305267358,10000,273.95139305267355,above_preferred,0
W05-B046,W05,Ward 5,37148.32544592561,3.714832544592561,10000,271.4832544592561,above_preferred,0
W05-B047,W05,Ward 5,36977.381825750446,3.6977381825750446,10000,269.77381825750444,above_preferred,0
W05-B048,W05,Ward 5,36944.81629055174,3.694481629055174,10000,269.4481629055174,above_preferred,2
W05-B049,W05,Ward 5,36838.234975495805,3.6838234975495805,10000,268.38234975495806,above_preferred,0
W05-B050,W05,Ward 5,36376.515333489784,3.6376515333489783,10000,263.76515333489783,above_preferred,0
W05-B051,W05,Ward 5,36376.515333489784,3.6376515333489783,10000,263.76515333489783,above_preferred,0
W05-B052,W05,Ward 5,36305.459625797295,3.6305459625797294,10000,263.05459625797295,above_preferred,0
W05-B053,W05,Ward 5,36140.938121850224,3.6140938121850223,10000,261.40938121850223,above_preferred,0
W05-B054,W05,Ward 5,35078.475504263464,3.507847550426346,10000,250.78475504263463,above_preferred,0
W05-B055,W05,Ward 5,35072.17398708399,3.507217398708399,10000,250.7217398708399,above_preferred,0
W05-B056,W05,Ward 5,34952.49138268128,3.495249138268128,10000,249.5249138268128,above_preferred,33
W05-B057,W05,Ward 5,34952.49138268128,3.495249138268128,10000,249.5249138268128,above_preferred,5
W05-B058,W05,Ward 5,34952.49138268128,3.495249138268128,10000,249.5249138268128,above_preferred,88
W05-B059,W05,Ward 5,34952.49138268128,3.495249138268128,10000,249.5249138268128,above_preferred,117
W05-B060,W05,Ward 5,34952.49138268128,3.495249138268128,10000,249.5249138268128,above_preferred,0
W05-B061,W05,Ward 5,34952.49138268128,3.495249138268128,10000,249.5249138268128,above_preferred,2
W05-B062,W05,Ward 5,34952.4913826707,3.4952491382670696,10000,249.52491382670695,above_preferred,0
W05-B063,W05,Ward 5,34952.4913826707,3.4952491382670696,10000,249.52491382670695,above_preferred,83
W05-B064,W05,Ward 5,34949.21486916107,3.494921486916107,10000,249.4921486916107,above_preferred,0
W05-B065,W05,Ward 5,34949.21486916107,3.494921486916107,10000,249.4921486916107,above_preferred,0
W05-B066,W05,Ward 5,34782.558524299486,3.4782558524299487,10000,247.82558524299486,above_preferred,0
W05-B067,W05,Ward 5,34606.27093902439,3.4606270939024393,10000,246.06270939024392,above_preferred,8
W05-B068,W05,Ward 5,34539.87520064338,3.453987520064338,10000,245.3987520064338,above_preferred,7
W05-B069,W05,Ward 5,34462.27671146997,3.4462276711469966,10000,244.62276711469966,above_preferred,0
W05-B070,W05,Ward 5,34462.27671146997,3.4462276711469966,10000,244.62276711469966,above_preferred,3
W05-B071,W05,Ward 5,34462.276711461316,3.4462276711461315,10000,244.62276711461314,above_preferred,0
W05-B072,W05,Ward 5,34462.276711461316,3.4462276711461315,10000,244.62276711461314,above_preferred,0
W05-B073,W05,Ward 5,34196.1541896165,3.41961541896165,10000,241.96154189616502,above_preferred,0
W05-B074,W05,Ward 5,33993.06722685992,3.399306722685992,10000,239.9306722685992,above_preferred,58
W05-B075,W05,Ward 5,33655.62537471916,3.365562537471916,10000,236.5562537471916,above_preferred,0
W05-B076,W05,Ward 5,33620.29247058957,3.362029247058957,10000,236.2029247058957,above_preferred,0
W05-B077,W05,Ward 5,33165.911981704245,3.3165911981704244,10000,231.65911981704244,above_preferred,4
W05-B078,W05,Ward 5,32917.22071804713,3.291722071804713,10000,229.17220718047128,above_preferred,0
W05-B079,W05,Ward 5,32880.945820560024,3.2880945820560026,10000,228.80945820560027,above_preferred,0
W05-B080,W05,Ward 5,32880.945820560024,3.2880945820560026,10000,228.80945820560027,above_preferred,0
W05-B081,W05,Ward 5,32880.94582055124,3.288094582055124,10000,228.8094582055124,above_preferred,0
W05-B082,W05,Ward 5,32880.94582055124,3.288094582055124,10000,228.8094582055124,above_preferred,0
W05-B083,W05,Ward 5,32880.94582055124,3.288094582055124,10000,228.8094582055124,above_preferred,0
W05-B084,W05,Ward 5,32880.94582055124,3.288094582055124,10000,228.8094582055124,above_preferred,1
W05-B085,W05,Ward 5,32880.94582055124,3.288094582055124,10000,228.8094582055124,above_preferred,0
W05-B086,W05,Ward 5,32880.94582055124,3.288094582055124,10000,228.8094582055124,above_preferred,0
W05-B087,W05,Ward 5,32706.567990412546,3.2706567990412547,10000,227.06567990412546,above_preferred,18
W05-B088,W05,Ward 5,32672.338596000787,3.2672338596000787,10000,226.72338596000787,above_preferred,15
W05-B089,W05,Ward 5,32604.532512378435,3.2604532512378435,10000,226.04532512378435,above_preferred,0
W05-B090,W05,Ward 5,32583.996496516444,3.2583996496516443,10000,225.83996496516443,above_preferred,0
W05-B091,W05,Ward 5,32583.996496516444,3.2583996496516443,10000,225.83996496516443,above_preferred,0
W05-B092,W05,Ward 5,32583.996496505806,3.2583996496505807,10000,225.83996496505807,above_preferred,1
W05-B093,W05,Ward 5,32583.996496505806,3.2583996496505807,10000,225.83996496505807,above_preferred,0
W05-B094,W05,Ward 5,32297.118320798036,3.2297118320798037,10000,222.97118320798037,above_preferred,1
W05-B095,W05,Ward 5,32258.15653155393,3.225815653155393,10000,222.5815653155393,above_preferred,0
W05-B096,W05,Ward 5,32029.852590346225,3.2029852590346226,10000,220.29852590346226,above_preferred,0
W05-B097,W05,Ward 5,31949.91094681192,3.194991094681192,10000,219.4991094681192,above_preferred,10
W05-B098,W05,Ward 5,31949.9109468024,3.19499109468024,10000,219.499109468024,above_preferred,7
W05-B099,W05,Ward 5,31770.594961271396,3.1770594961271397,10000,217.70594961271397,above_preferred,0
W05-B100,W05,Ward 5,31747.486038287512,3.174748603828751,10000,217.4748603828751,above_preferred,0
W05-B101,W05,Ward 5,31515.348586649296,3.1515348586649297,10000,215.15348586649296,above_preferred,0
W05-B102,W05,Ward 5,31485.80922263971,3.148580922263971,10000,214.8580922263971,above_preferred,2
W05-B103,W05,Ward 5,31485.80922263971,3.148580922263971,10000,214.8580922263971,above_preferred,18
W05-B104,W05,Ward 5,31485.809222639713,3.1485809222639713,10000,214.85809222639713,above_preferred,4
W05-B105,W05,Ward 5,31485.80922263971,3.148580922263971,10000,214.8580922263971,above_preferred,8
W05-B106,W05,Ward 5,31485.80922263971,3.148580922263971,10000,214.8580922263971,above_preferred,4
W05-B107,W05,Ward 5,31485.809222630054,3.1485809222630055,10000,214.85809222630056,above_preferred,1
W05-B108,W05,Ward 5,31485.809222630054,3.1485809222630055,10000,214.85809222630056,above_preferred,2
W05-B109,W05,Ward 5,31473.41385726502,3.147341385726502,10000,214.73413857265018,above_preferred,0
W05-B110,W05,Ward 5,31296.74330216957,3.129674330216957,10000,212.96743302169568,above_preferred,0
W05-B111,W05,Ward 5,31277.90259928519,3.127790259928519,10000,212.77902599285187,above_preferred,0
W05-B112,W05,Ward 5,31016.049040341724,3.1016049040341724,10000,210.16049040341724,above_preferred,5
W05-B113,W05,Ward 5,31016.049040341724,3.1016049040341724,10000,210.16049040341724,above_preferred,7
W05-B114,W05,Ward 5,30629.600716869427,3.0629600716869425,10000,206.29600716869425,above_preferred,1
W05-B115,W05,Ward 5,30596.023067941685,3.0596023067941687,10000,205.96023067941687,above_preferred,0
W05-B116,W05,Ward 5,30596.023067941685,3.0596023067941687,10000,205.96023067941687,above_preferred,0
W05-B117,W05,Ward 5,30440.7488105608,3.04407488105608,10000,204.40748810560797,above_preferred,2
W05-B118,W05,Ward 5,30405.72854112448,3.040572854112448,10000,204.0572854112448,above_preferred,0
W05-B119,W05,Ward 5,30174.195624017208,3.0174195624017206,10000,201.74195624017207,above_preferred,2
W05-B120,W05,Ward 5,30155.734840783807,3.0155734840783808,10000,201.55734840783808,above_preferred,39
W05-B121,W05,Ward 5,30155.73484076449,3.015573484076449,10000,201.5573484076449,above_preferred,0
W05-B122,W05,Ward 5,29918.151330017205,2.9918151330017206,10000,199.18151330017207,above_preferred,14
W05-B123,W05,Ward 5,29854.7870327914,2.98547870327914,10000,198.54787032791398,above_preferred,17
W05-B124,W05,Ward 5,29854.787032782275,2.9854787032782273,10000,198.54787032782272,above_preferred,13
W05-B125,W05,Ward 5,29762.603454665943,2.9762603454665943,10000,197.62603454665944,above_preferred,0
W05-B126,W05,Ward 5,29762.60345466595,2.9762603454665952,10000,197.62603454665953,above_preferred,2
W05-B127,W05,Ward 5,29569.858463316494,2.956985846331649,10000,195.69858463316493,above_preferred,0
W05-B128,W05,Ward 5,29501.015669004475,2.9501015669004476,10000,195.01015669004477,above_preferred,11
W05-B129,W05,Ward 5,29439.241818173206,2.9439241818173207,10000,194.39241818173207,above_preferred,0
W05-B130,W05,Ward 5,29424.069532619807,2.9424069532619805,10000,194.24069532619805,above_preferred,0
W05-B131,W05,Ward 5,29405.287247820102,2.9405287247820104,10000,194.05287247820104,above_preferred,0
W05-B132,W05,Ward 5,29351.939972970686,2.9351939972970684,10000,193.51939972970683,above_preferred,0
W05-B133,W05,Ward 5,29334.873140443488,2.9334873140443487,10000,193.34873140443486,above_preferred,0
W05-B134,W05,Ward 5,29325.59684685629,2.932559684685629,10000,193.2559684685629,above_preferred,0
W05-B135,W05,Ward 5,29325.59684685629,2.932559684685629,10000,193.2559684685629,above_preferred,0
W05-B136,W05,Ward 5,29261.394501993727,2.926139450199373,10000,192.6139450199373,above_preferred,0
W05-B137,W05,Ward 5,29242.324177788254,2.9242324177788253,10000,192.42324177788254,above_preferred,0
W05-B138,W05,Ward 5,29090.785353076713,2.909078535307671,10000,190.9078535307671,above_preferred,6
W05-B139,W05,Ward 5,28834.658817880627,2.8834658817880627,10000,188.3465881788063,above_preferred,0
W05-B140,W05,Ward 5,28700.570867138355,2.8700570867138353,10000,187.00570867138353,above_preferred,0
W05-B141,W05,Ward 5,28597.492949450214,2.8597492949450216,10000,185.97492949450216,above_preferred,1
W05-B142,W05,Ward 5,28597.492949450214,2.8597492949450216,10000,185.97492949450216,above_preferred,16
W05-B143,W05,Ward 5,28597.492949450214,2.8597492949450216,10000,185.97492949450216,above_preferred,23
W05-B144,W05,Ward 5,28597.492949450214,2.8597492949450216,10000,185.97492949450216,above_preferred,1
W05-B145,W05,Ward 5,28597.492949450214,2.8597492949450216,10000,185.97492949450216,above_preferred,15
W05-B146,W05,Ward 5,28597.49294944156,2.859749294944156,10000,185.97492949441562,above_preferred,10
W05-B147,W05,Ward 5,28597.49294944156,2.859749294944156,10000,185.97492949441562,above_preferred,21
W05-B148,W05,Ward 5,28594.812165690495,2.8594812165690495,10000,185.94812165690496,above_preferred,0
W05-B149,W05,Ward 5,28594.812165690495,2.8594812165690495,10000,185.94812165690496,above_preferred,2
W05-B150,W05,Ward 5,28560.92819068487,2.856092819068487,10000,185.6092819068487,above_preferred,0
W05-B151,W05,Ward 5,28499.56809257757,2.849956809257757,10000,184.9956809257757,above_preferred,1
W05-B152,W05,Ward 5,28414.44422927187,2.841444422927187,10000,184.1444422927187,above_preferred,0
W05-B153,W05,Ward 5,28344.943875711626,2.8344943875711626,10000,183.44943875711627,above_preferred,0
W05-B154,W05,Ward 5,28314.376730228312,2.831437673022831,10000,183.1437673022831,above_preferred,5
W05-B155,W05,Ward 5,28314.376730228312,2.831437673022831,10000,183.1437673022831,above_preferred,25
W05-B156,W05,Ward 5,28314.376730228312,2.831437673022831,10000,183.1437673022831,above_preferred,27
W05-B157,W05,Ward 5,28314.37673020836,2.831437673020836,10000,183.1437673020836,above_preferred,1
W05-B158,W05,Ward 5,28196.408218495053,2.8196408218495055,10000,181.96408218495054,above_preferred,5
W05-B159,W05,Ward 5,28196.40821848797,2.819640821848797,10000,181.96408218487971,above_preferred,6
W05-B160,W05,Ward 5,28168.616098871717,2.8168616098871717,10000,181.68616098871718,above_preferred,0
W05-B161,W05,Ward 5,28018.418596689444,2.8018418596689445,10000,180.18418596689446,above_preferred,0
W05-B162,W05,Ward 5,27925.270922287807,2.792527092228781,10000,179.25270922287808,above_preferred,0
W05-B163,W05,Ward 5,27845.09156080601,2.784509156080601,10000,178.4509156080601,above_preferred,0
W05-B164,W05,Ward 5,27845.091560797395,2.7845091560797393,10000,178.4509156079739,above_preferred,0
W05-B165,W05,Ward 5,27498.25101705554,2.749825101705554,10000,174.98251017055543,above_preferred,0
W05-B166,W05,Ward 5,27298.50104356291,2.729850104356291,10000,172.9850104356291,above_preferred,0
W05-B167,W05,Ward 5,27033.279906499378,2.703327990649938,10000,170.3327990649938,above_preferred,0
W05-B168,W05,Ward 5,27033.279906499378,2.703327990649938,10000,170.3327990649938,above_preferred,0
W05-B169,W05,Ward 5,27033.279906499378,2.703327990649938,10000,170.3327990649938,above_preferred,0
W05-B170,W05,Ward 5,27033.279906499378,2.703327990649938,10000,170.3327990649938,above_preferred,0
W05-B171,W05,Ward 5,27033.279906488646,2.7033279906488645,10000,170.33279906488644,above_preferred,0
W05-B172,W05,Ward 5,27033.279906488646,2.7033279906488645,10000,170.33279906488644,above_preferred,0
W05-B173,W05,Ward 5,27033.279906488646,2.7033279906488645,10000,170.33279906488644,above_preferred,1
W05-B174,W05,Ward 5,27033.279906488646,2.7033279906488645,10000,170.33279906488644,above_preferred,0
W05-B175,W05,Ward 5,26932.271496600715,2.6932271496600717,10000,169.32271496600717,above_preferred,0
W05-B176,W05,Ward 5,26931.707853357046,2.6931707853357048,10000,169.31707853357048,above_preferred,12
W05-B177,W05,Ward 5,26902.592035010315,2.6902592035010313,10000,169.02592035010312,above_preferred,0
W05-B178,W05,Ward 5,26902.592035010315,2.6902592035010313,10000,169.02592035010312,above_preferred,0
W05-B179,W05,Ward 5,26902.592035010315,2.6902592035010313,10000,169.02592035010312,above_preferred,0
W05-B180,W05,Ward 5,26902.59203499212,2.6902592034992123,10000,169.02592034992122,above_preferred,0
W05-B181,W05,Ward 5,26902.592034984937,2.690259203498494,10000,169.02592034984937,above_preferred,0
W05-B182,W05,Ward 5,26902.592034984937,2.690259203498494,10000,169.02592034984937,above_preferred,0
W05-B183,W05,Ward 5,26902.592034984937,2.690259203498494,10000,169.02592034984937,above_preferred,0
W05-B184,W05,Ward 5,26762.94710742848,2.676294710742848,10000,167.62947107428482,above_preferred,3
W05-B185,W05,Ward 5,26762.94710742848,2.676294710742848,10000,167.62947107428482,above_preferred,0
W05-B186,W05,Ward 5,26666.846464944,2.6666846464944,10000,166.66846464943998,above_preferred,0
W05-B187,W05,Ward 5,26666.846464944,2.6666846464944,10000,166.66846464943998,above_preferred,0
W05-B188,W05,Ward 5,26666.846464944,2.6666846464944,10000,166.66846464943998,above_preferred,0
W05-B189,W05,Ward 5,26666.846464944,2.6666846464944,10000,166.66846464943998,above_preferred,0
W05-B190,W05,Ward 5,26666.846464923237,2.6666846464923237,10000,166.66846464923236,above_preferred,0
W05-B191,W05,Ward 5,26666.846464923237,2.6666846464923237,10000,166.66846464923236,above_preferred,0
W05-B192,W05,Ward 5,26666.846464923237,2.6666846464923237,10000,166.66846464923236,above_preferred,0
W05-B193,W05,Ward 5,26666.846464923234,2.6666846464923233,10000,166.66846464923233,above_preferred,0
W05-B194,W05,Ward 5,26666.846464923237,2.6666846464923237,10000,166.66846464923236,above_preferred,0
W05-B195,W05,Ward 5,26666.846464923237,2.6666846464923237,10000,166.66846464923236,above_preferred,0
W05-B196,W05,Ward 5,26666.846464923237,2.6666846464923237,10000,166.66846464923236,above_preferred,1
W05-B197,W05,Ward 5,26666.846464923237,2.6666846464923237,10000,166.66846464923236,above_preferred,0
W05-B198,W05,Ward 5,26666.846464923237,2.6666846464923237,10000,166.66846464923236,above_preferred,0
W05-B199,W05,Ward 5,26666.84646492324,2.666684646492324,10000,166.66846464923242,above_preferred,0
W05-B200,W05,Ward 5,26666.846464923237,2.6666846464923237,10000,166.66846464923236,above_preferred,0
W05-B201,W05,Ward 5,26666.846464923237,2.6666846464923237,10000,166.66846464923236,above_preferred,0
W05-B202,W05,Ward 5,26659.63349714208,2.665963349714208,10000,166.5963349714208,above_preferred,2
W05-B203,W05,Ward 5,26659.63349714208,2.665963349714208,10000,166.5963349714208,above_preferred,0
W05-B204,W05,Ward 5,26657.096952161955,2.6657096952161954,10000,166.57096952161953,above_preferred,0
W05-B205,W05,Ward 5,26503.911295080463,2.6503911295080465,10000,165.03911295080465,above_preferred,0
W05-B206,W05,Ward 5,26427.756762343568,2.642775676234357,10000,164.2775676234357,above_preferred,0
W05-B207,W05,Ward 5,26424.9149897395,2.64249149897395,10000,164.249149897395,above_preferred,1
W05-B208,W05,Ward 5,26400.17800028549,2.640017800028549,10000,164.0017800028549,above_preferred,0
W05-B209,W05,Ward 5,26400.17800028549,2.640017800028549,10000,164.0017800028549,above_preferred,0
W05-B210,W05,Ward 5,26400.178000277658,2.6400178000277656,10000,164.00178000277657,above_preferred,0
W05-B211,W05,Ward 5,26400.178000277658,2.6400178000277656,10000,164.00178000277657,above_preferred,0
W05-B212,W05,Ward 5,26388.325112217626,2.6388325112217625,10000,163.88325112217626,above_preferred,0
W05-B213,W05,Ward 5,26276.611829464742,2.627661182946474,10000,162.7661182946474,above_preferred,30
W05-B214,W05,Ward 5,26213.326198087078,2.6213326198087077,10000,162.13326198087077,above_preferred,0
W05-B215,W05,Ward 5,26213.326198087078,2.6213326198087077,10000,162.13326198087077,above_preferred,0
W05-B216,W05,Ward 5,26213.3261980783,2.6213326198078297,10000,162.13326198078298,above_preferred,0
W05-B217,W05,Ward 5,26213.3261980783,2.6213326198078297,10000,162.13326198078298,above_preferred,0
W05-B218,W05,Ward 5,26210.085364707607,2.621008536470761,10000,162.1008536470761,above_preferred,0
W05-B219,W05,Ward 5,26140.836229210232,2.614083622921023,10000,161.4083622921023,above_preferred,5
W05-B220,W05,Ward 5,26136.176220274392,2.6136176220274394,10000,161.36176220274393,above_preferred,0
W05-B221,W05,Ward 5,26108.32572166747,2.6108325721667467,10000,161.08325721667467,above_preferred,0
W05-B222,W05,Ward 5,25849.506280420213,2.584950628042021,10000,158.49506280420212,above_preferred,0
W05-B223,W05,Ward 5,25849.506280420213,2.584950628042021,10000,158.49506280420212,above_preferred,0
W05-B224,W05,Ward 5,25849.506280410555,2.5849506280410552,10000,158.49506280410552,above_preferred,0
W05-B225,W05,Ward 5,25849.506280410555,2.5849506280410552,10000,158.49506280410552,above_preferred,0
W05-B226,W05,Ward 5,25740.342482019165,2.5740342482019165,10000,157.40342482019165,above_preferred,0
W05-B227,W05,Ward 5,25740.342482019165,2.5740342482019165,10000,157.40342482019165,above_preferred,0
W05-B228,W05,Ward 5,25740.342482019165,2.5740342482019165,10000,157.40342482019165,above_preferred,0
W05-B229,W05,Ward 5,25740.342482019165,2.5740342482019165,10000,157.40342482019165,above_preferred,0
W05-B230,W05,Ward 5,25740.342482019165,2.5740342482019165,10000,157.40342482019165,above_preferred,3
W05-B231,W05,Ward 5,25740.342482019165,2.5740342482019165,10000,157.40342482019165,above_preferred,0
W05-B232,W05,Ward 5,25740.342482019165,2.5740342482019165,10000,157.40342482019165,above_preferred,0
W05-B233,W05,Ward 5,25740.342482019165,2.5740342482019165,10000,157.40342482019165,above_preferred,0
W05-B234,W05,Ward 5,25651.381976580153,2.5651381976580154,10000,156.51381976580154,above_preferred,11
W05-B235,W05,Ward 5,25591.01121760967,2.559101121760967,10000,155.9101121760967,above_preferred,0
W05-B236,W05,Ward 5,25430.53011117567,2.543053011117567,10000,154.30530111175668,above_preferred,0
W05-B237,W05,Ward 5,25366.395018942756,2.5366395018942756,10000,153.66395018942757,above_preferred,0
W05-B238,W05,Ward 5,25346.550317216814,2.534655031721681,10000,153.46550317216813,above_preferred,0
W05-B239,W05,Ward 5,25230.39713375595,2.523039713375595,10000,152.3039713375595,above_preferred,0
W05-B240,W05,Ward 5,25019.728758179655,2.5019728758179656,10000,150.19728758179656,above_preferred,0
W05-B241,W05,Ward 5,24772.65868939196,2.4772658689391958,10000,147.72658689391957,above_preferred,0
W05-B242,W05,Ward 5,24670.521278890505,2.4670521278890503,10000,146.70521278890502,above_preferred,0
W05-B243,W05,Ward 5,24426.6439359021,2.44266439359021,10000,144.26643935902098,above_preferred,20
W05-B244,W05,Ward 5,24290.26827556628,2.429026827556628,10000,142.9026827556628,above_preferred,0
W05-B245,W05,Ward 5,24196.300994678713,2.4196300994678714,10000,141.96300994678714,above_preferred,0
W05-B246,W05,Ward 5,24121.031183332918,2.4121031183332917,10000,141.21031183332917,above_preferred,5
W05-B247,W05,Ward 5,24086.652396683756,2.4086652396683754,10000,140.86652396683755,above_preferred,0
W05-B248,W05,Ward 5,23993.670147427874,2.3993670147427872,10000,139.93670147427872,above_preferred,0
W05-B249,W05,Ward 5,23993.670147427874,2.3993670147427872,10000,139.93670147427872,above_preferred,0
W05-B250,W05,Ward 5,23828.211228270007,2.382821122827001,10000,138.2821122827001,above_preferred,0
W05-B251,W05,Ward 5,23736.92036768784,2.3736920367687837,10000,137.36920367687839,above_preferred,0
W05-B252,W05,Ward 5,23736.92036768784,2.3736920367687837,10000,137.36920367687839,above_preferred,0
W05-B253,W05,Ward 5,23736.92036768784,2.3736920367687837,10000,137.36920367687839,above_preferred,0
W05-B254,W05,Ward 5,23736.92036768784,2.3736920367687837,10000,137.36920367687839,above_preferred,0
W05-B255,W05,Ward 5,23736.92036768784,2.3736920367687837,10000,137.36920367687839,above_preferred,0
W05-B256,W05,Ward 5,23736.92036768784,2.3736920367687837,10000,137.36920367687839,above_preferred,0
W05-B257,W05,Ward 5,23736.92036768784,2.3736920367687837,10000,137.36920367687839,above_preferred,0
W05-B258,W05,Ward 5,23736.92036768784,2.3736920367687837,10000,137.36920367687839,above_preferred,0
W05-B259,W05,Ward 5,23736.92036768784,2.3736920367687837,10000,137.36920367687839,above_preferred,0
W05-B260,W05,Ward 5,23736.92036768784,2.3736920367687837,10000,137.36920367687839,above_preferred,0
W05-B261,W05,Ward 5,23736.92036768784,2.3736920367687837,10000,137.36920367687839,above_preferred,0
W05-B262,W05,Ward 5,23736.92036768784,2.3736920367687837,10000,137.36920367687839,above_preferred,0
W05-B263,W05,Ward 5,23736.92036768784,2.3736920367687837,10000,137.36920367687839,above_preferred,0
W05-B264,W05,Ward 5,23736.92036768784,2.3736920367687837,10000,137.36920367687839,above_preferred,0
W05-B265,W05,Ward 5,23736.92036768784,2.3736920367687837,10000,137.36920367687839,above_preferred,0
W05-B266,W05,Ward 5,23736.92036768784,2.3736920367687837,10000,137.36920367687839,above_preferred,0
W05-B267,W05,Ward 5,23736.92036768784,2.3736920367687837,10000,137.36920367687839,above_preferred,0
W05-B268,W05,Ward 5,23736.92036768784,2.3736920367687837,10000,137.36920367687839,above_preferred,0
W05-B269,W05,Ward 5,23736.92036768784,2.3736920367687837,10000,137.36920367687839,above_preferred,0
W05-B270,W05,Ward 5,23736.92036768784,2.3736920367687837,10000,137.36920367687839,above_preferred,0
W05-B271,W05,Ward 5,23736.92036768784,2.3736920367687837,10000,137.36920367687839,above_preferred,0
W05-B272,W05,Ward 5,23736.92036768784,2.3736920367687837,10000,137.36920367687839,above_preferred,0
W05-B273,W05,Ward 5,23736.92036768784,2.3736920367687837,10000,137.36920367687839,above_preferred,0
W05-B274,W05,Ward 5,23736.92036768784,2.3736920367687837,10000,137.36920367687839,above_preferred,1
W05-B275,W05,Ward 5,23736.92036768784,2.3736920367687837,10000,137.36920367687839,above_preferred,0
W05-B276,W05,Ward 5,23736.92036768784,2.3736920367687837,10000,137.36920367687839,above_preferred,0
W05-B277,W05,Ward 5,23736.92036768784,2.3736920367687837,10000,137.36920367687839,above_preferred,0
W05-B278,W05,Ward 5,23736.92036768784,2.3736920367687837,10000,137.36920367687839,above_preferred,0
W05-B279,W05,Ward 5,23736.92036768784,2.3736920367687837,10000,137.36920367687839,above_preferred,0
W05-B280,W05,Ward 5,23736.92036768784,2.3736920367687837,10000,137.36920367687839,above_preferred,0
W05-B281,W05,Ward 5,23736.92036768784,2.3736920367687837,10000,137.36920367687839,above_preferred,0
W05-B282,W05,Ward 5,23736.92036768784,2.3736920367687837,10000,137.36920367687839,above_preferred,0
W05-B283,W05,Ward 5,23693.840482475433,2.3693840482475435,10000,136.93840482475434,above_preferred,0
W05-B284,W05,Ward 5,23651.441192909882,2.365144119290988,10000,136.5144119290988,above_preferred,0
W05-B285,W05,Ward 5,23591.9935782862,2.3591993578286203,10000,135.91993578286204,above_preferred,0
W05-B286,W05,Ward 5,23499.55116401178,2.349955116401178,10000,134.9955116401178,above_preferred,0
W05-B287,W05,Ward 5,23499.55116401178,2.349955116401178,10000,134.9955116401178,above_preferred,0
W05-B288,W05,Ward 5,23499.55116401178,2.349955116401178,10000,134.9955116401178,above_preferred,0
W05-B289,W05,Ward 5,23499.55116401178,2.349955116401178,10000,134.9955116401178,above_preferred,1
W05-B290,W05,Ward 5,23499.55116401178,2.349955116401178,10000,134.9955116401178,above_preferred,0
W05-B291,W05,Ward 5,23499.55116401178,2.349955116401178,10000,134.9955116401178,above_preferred,1
W05-B292,W05,Ward 5,23499.55116401178,2.349955116401178,10000,134.9955116401178,above_preferred,1
W05-B293,W05,Ward 5,23499.55116401178,2.349955116401178,10000,134.9955116401178,above_preferred,0
W05-B294,W05,Ward 5,23462.48319256893,2.346248319256893,10000,134.6248319256893,above_preferred,0
W05-B295,W05,Ward 5,23400.3113473001,2.34003113473001,10000,134.003113473001,above_preferred,0
W05-B296,W05,Ward 5,23400.3113473001,2.34003113473001,10000,134.003113473001,above_preferred,0
W05-B297,W05,Ward 5,23400.3113473001,2.34003113473001,10000,134.003113473001,above_preferred,0
W05-B298,W05,Ward 5,23400.3113473001,2.34003113473001,10000,134.003113473001,above_preferred,0
W05-B299,W05,Ward 5,23400.3113473001,2.34003113473001,10000,134.003113473001,above_preferred,0
W05-B300,W05,Ward 5,23400.3113473001,2.34003113473001,10000,134.003113473001,above_preferred,0
W05-B301,W05,Ward 5,23400.3113473001,2.34003113473001,10000,134.003113473001,above_preferred,0
W05-B302,W05,Ward 5,23400.3113473001,2.34003113473001,10000,134.003113473001,above_preferred,0
W05-B303,W05,Ward 5,23400.3113473001,2.34003113473001,10000,134.003113473001,above_preferred,0
W05-B304,W05,Ward 5,23400.3113473001,2.34003113473001,10000,134.003113473001,above_preferred,0
W05-B305,W05,Ward 5,23400.3113473001,2.34003113473001,10000,134.003113473001,above_preferred,0
W05-B306,W05,Ward 5,23400.3113473001,2.34003113473001,10000,134.003113473001,above_preferred,0
W05-B307,W05,Ward 5,23400.3113473001,2.34003113473001,10000,134.003113473001,above_preferred,0
W05-B308,W05,Ward 5,23400.3113473001,2.34003113473001,10000,134.003113473001,above_preferred,0
W05-B309,W05,Ward 5,23400.31134728196,2.340031134728196,10000,134.0031134728196,above_preferred,0
W05-B310,W05,Ward 5,23400.31134728196,2.340031134728196,10000,134.0031134728196,above_preferred,0
W05-B311,W05,Ward 5,23398.898602129913,2.3398898602129914,10000,133.98898602129913,above_preferred,17
W05-B312,W05,Ward 5,23366.409345324653,2.3366409345324652,10000,133.66409345324652,above_preferred,2
W05-B313,W05,Ward 5,23317.828439381647,2.3317828439381647,10000,133.17828439381648,above_preferred,0
W05-B314,W05,Ward 5,23170.269741778102,2.3170269741778102,10000,131.70269741778102,above_preferred,0
W05-B315,W05,Ward 5,23166.30823382229,2.316630823382229,10000,131.6630823382229,above_preferred,5
W05-B316,W05,Ward 5,23166.308233822292,2.316630823382229,10000,131.6630823382229,above_preferred,7
W05-B317,W05,Ward 5,23166.30823380597,2.316630823380597,10000,131.6630823380597,above_preferred,7
W05-B318,W05,Ward 5,23044.451752287,2.3044451752287003,10000,130.44451752287003,above_preferred,0
W05-B319,W05,Ward 5,22922.893449572974,2.292289344957297,10000,129.22893449572973,above_preferred,2
W05-B320,W05,Ward 5,22782.347640647517,2.278234764064752,10000,127.82347640647518,above_preferred,1
W05-B321,W05,Ward 5,22782.34764064047,2.278234764064047,10000,127.8234764064047,above_preferred,0
W05-B322,W05,Ward 5,22516.990054836486,2.2516990054836485,10000,125.16990054836485,above_preferred,0
W05-B323,W05,Ward 5,22378.84960113314,2.237884960113314,10000,123.78849601133139,above_preferred,0
W05-B324,W05,Ward 5,22336.04125792368,2.233604125792368,10000,123.36041257923678,above_preferred,5
W05-B325,W05,Ward 5,22177.747353676732,2.2177747353676733,10000,121.77747353676733,above_preferred,32
W05-B326,W05,Ward 5,22118.138105309867,2.2118138105309866,10000,121.18138105309866,above_preferred,0
W05-B327,W05,Ward 5,22118.138105309867,2.2118138105309866,10000,121.18138105309866,above_preferred,2
W05-B328,W05,Ward 5,22118.138105309867,2.2118138105309866,10000,121.18138105309866,above_preferred,0
W05-B329,W05,Ward 5,22118.138105309867,2.2118138105309866,10000,121.18138105309866,above_preferred,0
W05-B330,W05,Ward 5,22118.138105309867,2.2118138105309866,10000,121.18138105309866,above_preferred,0
W05-B331,W05,Ward 5,22118.138105309867,2.2118138105309866,10000,121.18138105309866,above_preferred,0
W05-B332,W05,Ward 5,22118.138105309867,2.2118138105309866,10000,121.18138105309866,above_preferred,0
W05-B333,W05,Ward 5,22118.138105309867,2.2118138105309866,10000,121.18138105309866,above_preferred,0
W05-B334,W05,Ward 5,21896.95672426757,2.189695672426757,10000,118.9695672426757,above_preferred,0
W05-B335,W05,Ward 5,21896.95672426757,2.189695672426757,10000,118.9695672426757,above_preferred,0
W05-B336,W05,Ward 5,21818.328925855723,2.181832892585572,10000,118.18328925855721,above_preferred,0
W05-B337,W05,Ward 5,21818.328925855723,2.181832892585572,10000,118.18328925855721,above_preferred,0
W05-B338,W05,Ward 5,21818.328925855723,2.181832892585572,10000,118.18328925855721,above_preferred,0
W05-B339,W05,Ward 5,21818.328925855723,2.181832892585572,10000,118.18328925855721,above_preferred,0
W05-B340,W05,Ward 5,21818.328925855723,2.181832892585572,10000,118.18328925855721,above_preferred,0
W05-B341,W05,Ward 5,21818.328925855723,2.181832892585572,10000,118.18328925855721,above_preferred,0
W05-B342,W05,Ward 5,21818.328925855723,2.181832892585572,10000,118.18328925855721,above_preferred,0
W05-B343,W05,Ward 5,21818.32892585572,2.181832892585572,10000,118.18328925855721,above_preferred,0
W05-B344,W05,Ward 5,21818.328925855723,2.181832892585572,10000,118.18328925855721,above_preferred,0
W05-B345,W05,Ward 5,21818.32892585572,2.181832892585572,10000,118.18328925855721,above_preferred,0
W05-B346,W05,Ward 5,21818.328925855723,2.181832892585572,10000,118.18328925855721,above_preferred,0
W05-B347,W05,Ward 5,21818.328925855723,2.181832892585572,10000,118.18328925855721,above_preferred,0
W05-B348,W05,Ward 5,21818.328925855723,2.181832892585572,10000,118.18328925855721,above_preferred,0
W05-B349,W05,Ward 5,21818.328925855723,2.181832892585572,10000,118.18328925855721,above_preferred,0
W05-B350,W05,Ward 5,21818.328925855723,2.181832892585572,10000,118.18328925855721,above_preferred,0
W05-B351,W05,Ward 5,21818.328925855723,2.181832892585572,10000,118.18328925855721,above_preferred,0
W05-B352,W05,Ward 5,21685.01833233878,2.168501833233878,10000,116.8501833233878,above_preferred,0
W05-B353,W05,Ward 5,21600.145636601374,2.1600145636601376,10000,116.00145636601376,above_preferred,0
W05-B354,W05,Ward 5,21600.145636594963,2.1600145636594963,10000,116.00145636594962,above_preferred,0
W05-B355,W05,Ward 5,21600.14563657853,2.160014563657853,10000,116.00145636578532,above_preferred,0
W05-B356,W05,Ward 5,21600.145636572124,2.1600145636572123,10000,116.00145636572124,above_preferred,0
W05-B357,W05,Ward 5,21478.328209491174,2.1478328209491173,10000,114.78328209491173,above_preferred,5
W05-B358,W05,Ward 5,21447.266889355007,2.1447266889355006,10000,114.47266889355005,above_preferred,0
W05-B359,W05,Ward 5,21447.266889355007,2.1447266889355006,10000,114.47266889355005,above_preferred,0
W05-B360,W05,Ward 5,21447.266889347826,2.1447266889347825,10000,114.47266889347824,above_preferred,0
W05-B361,W05,Ward 5,21447.266889347826,2.1447266889347825,10000,114.47266889347824,above_preferred,0
W05-B362,W05,Ward 5,21384.144180222218,2.1384144180222218,10000,113.84144180222218,above_preferred,0
W05-B363,W05,Ward 5,21149.596047603347,2.1149596047603345,10000,111.49596047603345,above_preferred,0
W05-B364,W05,Ward 5,21149.596047603347,2.1149596047603345,10000,111.49596047603345,above_preferred,0
W05-B365,W05,Ward 5,21149.596047595445,2.1149596047595445,10000,111.49596047595445,above_preferred,1
W05-B366,W05,Ward 5,21149.596047595445,2.1149596047595445,10000,111.49596047595445,above_preferred,0
W05-B367,W05,Ward 5,21060.28021257579,2.106028021257579,10000,110.6028021257579,above_preferred,0
W05-B368,W05,Ward 5,21060.28021257579,2.106028021257579,10000,110.6028021257579,above_preferred,0
W05-B369,W05,Ward 5,21060.28021257579,2.106028021257579,10000,110.6028021257579,above_preferred,2
W05-B370,W05,Ward 5,21060.28021257579,2.106028021257579,10000,110.6028021257579,above_preferred,0
W05-B371,W05,Ward 5,21060.28021257579,2.106028021257579,10000,110.6028021257579,above_preferred,0
W05-B372,W05,Ward 5,21060.28021257579,2.106028021257579,10000,110.6028021257579,above_preferred,0
W05-B373,W05,Ward 5,21060.28021257579,2.106028021257579,10000,110.6028021257579,above_preferred,1
W05-B374,W05,Ward 5,21060.28021257579,2.106028021257579,10000,110.6028021257579,above_preferred,0
W05-B375,W05,Ward 5,20987.49434449286,2.098749434449286,10000,109.8749434449286,above_preferred,9
W05-B376,W05,Ward 5,20825.89771260982,2.082589771260982,10000,108.25897712609822,above_preferred,0
W05-B377,W05,Ward 5,20643.052200340415,2.0643052200340413,10000,106.43052200340412,above_preferred,0
W05-B378,W05,Ward 5,20395.200177863346,2.0395200177863346,10000,103.95200177863346,above_preferred,0
W05-B379,W05,Ward 5,20295.024371814983,2.0295024371814985,10000,102.95024371814985,above_preferred,15
W05-B380,W05,Ward 5,20067.69227005877,2.006769227005877,10000,100.6769227005877,above_preferred,9
W05-B381,W05,Ward 5,20058.12594661182,2.0058125946611822,10000,100.58125946611823,above_preferred,0
W05-B382,W05,Ward 5,19730.271026409828,1.9730271026409827,10000,97.30271026409827,above_preferred,0
W05-B383,W05,Ward 5,19421.116664475416,1.9421116664475415,10000,94.21116664475416,above_preferred,0
W05-B384,W05,Ward 5,19421.116664475416,1.9421116664475415,10000,94.21116664475416,above_preferred,0
W05-B385,W05,Ward 5,19421.116664475416,1.9421116664475415,10000,94.21116664475416,above_preferred,0
W05-B386,W05,Ward 5,19421.116664475416,1.9421116664475415,10000,94.21116664475416,above_preferred,0
W05-B387,W05,Ward 5,19421.116664475416,1.9421116664475415,10000,94.21116664475416,above_preferred,0
W05-B388,W05,Ward 5,19421.116664475416,1.9421116664475415,10000,94.21116664475416,above_preferred,0
W05-B389,W05,Ward 5,19421.116664475416,1.9421116664475415,10000,94.21116664475416,above_preferred,0
W05-B390,W05,Ward 5,19421.116664475416,1.9421116664475415,10000,94.21116664475416,above_preferred,0
W05-B391,W05,Ward 5,19421.116664475416,1.9421116664475415,10000,94.21116664475416,above_preferred,0
W05-B392,W05,Ward 5,19421.116664475416,1.9421116664475415,10000,94.21116664475416,above_preferred,0
W05-B393,W05,Ward 5,19421.116664475416,1.9421116664475415,10000,94.21116664475416,above_preferred,0
W05-B394,W05,Ward 5,19421.116664475416,1.9421116664475415,10000,94.21116664475416,above_preferred,0
W05-B395,W05,Ward 5,19421.116664475416,1.9421116664475415,10000,94.21116664475416,above_preferred,0
W05-B396,W05,Ward 5,19421.116664475416,1.9421116664475415,10000,94.21116664475416,above_preferred,0
W05-B397,W05,Ward 5,19421.116664475416,1.9421116664475415,10000,94.21116664475416,above_preferred,0
W05-B398,W05,Ward 5,19421.116664475416,1.9421116664475415,10000,94.21116664475416,above_preferred,0
W05-B399,W05,Ward 5,19421.116664475416,1.9421116664475415,10000,94.21116664475416,above_preferred,0
W05-B400,W05,Ward 5,19421.116664475416,1.9421116664475415,10000,94.21116664475416,above_preferred,0
W05-B401,W05,Ward 5,19421.116664475416,1.9421116664475415,10000,94.21116664475416,above_preferred,0
W05-B402,W05,Ward 5,19421.116664475416,1.9421116664475415,10000,94.21116664475416,above_preferred,0
W05-B403,W05,Ward 5,19421.116664475416,1.9421116664475415,10000,94.21116664475416,above_preferred,0
W05-B404,W05,Ward 5,19421.116664475416,1.9421116664475415,10000,94.21116664475416,above_preferred,0
W05-B405,W05,Ward 5,19421.116664475416,1.9421116664475415,10000,94.21116664475416,above_preferred,0
W05-B406,W05,Ward 5,19421.116664475416,1.9421116664475415,10000,94.21116664475416,above_preferred,0
W05-B407,W05,Ward 5,19421.11666446566,1.9421116664465659,10000,94.21116664465659,above_preferred,0
W05-B408,W05,Ward 5,19421.11666446566,1.9421116664465659,10000,94.21116664465659,above_preferred,0
W05-B409,W05,Ward 5,19421.11666446566,1.9421116664465659,10000,94.21116664465659,above_preferred,2
W05-B410,W05,Ward 5,19421.11666446566,1.9421116664465659,10000,94.21116664465659,above_preferred,0
W05-B411,W05,Ward 5,19421.11666446566,1.9421116664465659,10000,94.21116664465659,above_preferred,0
W05-B412,W05,Ward 5,19421.11666446566,1.9421116664465659,10000,94.21116664465659,above_preferred,0
W05-B413,W05,Ward 5,19421.11666446566,1.9421116664465659,10000,94.21116664465659,above_preferred,0
W05-B414,W05,Ward 5,19421.11666446566,1.9421116664465659,10000,94.21116664465659,above_preferred,0
W05-B415,W05,Ward 5,19300.896154820748,1.9300896154820748,10000,93.00896154820748,above_preferred,0
W05-B416,W05,Ward 5,19237.544437545417,1.9237544437545417,10000,92.37544437545418,above_preferred,1
W05-B417,W05,Ward 5,19226.90549782303,1.922690549782303,10000,92.2690549782303,above_preferred,0
W05-B418,W05,Ward 5,19226.90549782303,1.922690549782303,10000,92.2690549782303,above_preferred,0
W05-B419,W05,Ward 5,19226.90549782303,1.922690549782303,10000,92.2690549782303,above_preferred,0
W05-B420,W05,Ward 5,19226.90549782303,1.922690549782303,10000,92.2690549782303,above_preferred,0
W05-B421,W05,Ward 5,19226.90549782303,1.922690549782303,10000,92.2690549782303,above_preferred,0
W05-B422,W05,Ward 5,19226.90549782303,1.922690549782303,10000,92.2690549782303,above_preferred,0
W05-B423,W05,Ward 5,19226.90549782303,1.922690549782303,10000,92.2690549782303,above_preferred,0
W05-B424,W05,Ward 5,19226.90549782303,1.922690549782303,10000,92.2690549782303,above_preferred,0
W05-B425,W05,Ward 5,19145.70928414986,1.9145709284149859,10000,91.45709284149859,above_preferred,0
W05-B426,W05,Ward 5,19145.70928414986,1.9145709284149859,10000,91.45709284149859,above_preferred,0
W05-B427,W05,Ward 5,19145.70928414986,1.9145709284149859,10000,91.45709284149859,above_preferred,0
W05-B428,W05,Ward 5,19145.70928414986,1.9145709284149859,10000,91.45709284149859,above_preferred,0
W05-B429,W05,Ward 5,19145.70928414986,1.9145709284149859,10000,91.45709284149859,above_preferred,0
W05-B430,W05,Ward 5,19145.70928414986,1.9145709284149859,10000,91.45709284149859,above_preferred,0
W05-B431,W05,Ward 5,19145.70928414986,1.9145709284149859,10000,91.45709284149859,above_preferred,0
W05-B432,W05,Ward 5,19145.70928414986,1.9145709284149859,10000,91.45709284149859,above_preferred,0
W05-B433,W05,Ward 5,19145.70928414986,1.9145709284149859,10000,91.45709284149859,above_preferred,2
W05-B434,W05,Ward 5,19145.70928414986,1.9145709284149859,10000,91.45709284149859,above_preferred,2
W05-B435,W05,Ward 5,19145.70928414986,1.9145709284149859,10000,91.45709284149859,above_preferred,0
W05-B436,W05,Ward 5,19145.70928414986,1.9145709284149859,10000,91.45709284149859,above_preferred,0
W05-B437,W05,Ward 5,19145.70928414986,1.9145709284149859,10000,91.45709284149859,above_preferred,10
W05-B438,W05,Ward 5,19145.70928414986,1.9145709284149859,10000,91.45709284149859,above_preferred,0
W05-B439,W05,Ward 5,19145.70928413502,1.914570928413502,10000,91.4570928413502,above_preferred,0
W05-B440,W05,Ward 5,19145.70928413502,1.914570928413502,10000,91.4570928413502,above_preferred,0
W05-B441,W05,Ward 5,19114.995610240978,1.9114995610240977,10000,91.14995610240977,above_preferred,0
W05-B442,W05,Ward 5,18854.55143369804,1.8854551433698041,10000,88.54551433698042,above_preferred,0
W05-B443,W05,Ward 5,18835.735480256004,1.8835735480256004,10000,88.35735480256004,above_preferred,0
W05-B444,W05,Ward 5,18731.0034632292,1.87310034632292,10000,87.31003463229202,above_preferred,1
W05-B445,W05,Ward 5,18459.619424605993,1.8459619424605993,10000,84.59619424605992,above_preferred,0
W05-B446,W05,Ward 5,18277.39426718513,1.827739426718513,10000,82.7739426718513,above_preferred,0
W05-B447,W05,Ward 5,17985.568707723738,1.7985568707723738,10000,79.85568707723738,above_preferred,0
W05-B448,W05,Ward 5,17938.5696256222,1.79385696256222,10000,79.385696256222,above_preferred,0
W05-B449,W05,Ward 5,16999.569847002043,1.6999569847002043,10000,69.99569847002043,above_preferred,7
W05-B450,W05,Ward 5,16537.525897875785,1.6537525897875784,10000,65.37525897875784,above_preferred,0
W05-B451,W05,Ward 5,16460.356782372524,1.6460356782372525,10000,64.60356782372526,above_preferred,0
W05-B452,W05,Ward 5,16228.904280574163,1.6228904280574163,10000,62.28904280574164,above_preferred,0
W05-B453,W05,Ward 5,16127.765213774906,1.6127765213774907,10000,61.27765213774907,above_preferred,0
W05-B454,W05,Ward 5,14697.975107959255,1.4697975107959256,10000,46.97975107959256,above_preferred,31
W05-B455,W05,Ward 5,14672.963026158555,1.4672963026158554,10000,46.72963026158554,above_preferred,0
W05-B456,W05,Ward 5,14462.577265451066,1.4462577265451066,10000,44.62577265451066,above_preferred,0
W05-B457,W05,Ward 5,13762.287241691643,1.3762287241691644,10000,37.622872416916444,above_preferred,0
W05-B458,W05,Ward 5,13589.560306091349,1.3589560306091348,10000,35.89560306091349,above_preferred,0
W05-B459,W05,Ward 5,13327.849108113887,1.3327849108113887,10000,33.278491081138874,above_preferred,0
W05-B460,W05,Ward 5,12676.671199189876,1.2676671199189875,10000,26.766711991898752,above_preferred,0
W05-B461,W05,Ward 5,12109.945962279238,1.2109945962279238,10000,21.09945962279238,above_preferred,2
W05-B462,W05,Ward 5,11393.560354122494,1.1393560354122494,10000,13.935603541224939,within_preferred,0
W05-B463,W05,Ward 5,10465.046537359805,1.0465046537359806,10000,4.650465373598056,within_preferred,0
W05-B464,W05,Ward 5,7652.152308725213,0.7652152308725213,10000,-23.47847691274787,below_preferred,0
W07-B001,W07,Ward 7,40081.791689659425,4.008179168965943,10000,300.8179168965943,above_preferred,0
W07-B002,W07,Ward 7,39345.86029756205,3.9345860297562054,10000,293.4586029756205,above_preferred,0
W07-B003,W07,Ward 7,39285.013664276375,3.9285013664276374,10000,292.85013664276374,above_preferred,2
W07-B004,W07,Ward 7,39285.013664276375,3.9285013664276374,10000,292.85013664276374,above_preferred,12
W07-B005,W07,Ward 7,39285.01366427352,3.9285013664273523,10000,292.8501366427352,above_preferred,0
W07-B006,W07,Ward 7,39285.01366427352,3.9285013664273523,10000,292.8501366427352,above_preferred,0
W07-B007,W07,Ward 7,39285.01366426729,3.9285013664267288,10000,292.85013664267285,above_preferred,2
W07-B008,W07,Ward 7,39285.013664267295,3.9285013664267296,10000,292.85013664267296,above_preferred,0
W07-B009,W07,Ward 7,39285.013664241305,3.9285013664241304,10000,292.850136642413,above_preferred,1
W07-B010,W07,Ward 7,39225.514053433406,3.9225514053433406,10000,292.25514053433403,above_preferred,32
W07-B011,W07,Ward 7,38714.03835030582,3.871403835030582,10000,287.1403835030582,above_preferred,0
W07-B012,W07,Ward 7,38497.18750985707,3.8497187509857067,10000,284.97187509857065,above_preferred,44
W07-B013,W07,Ward 7,38244.02036921886,3.824402036921886,10000,282.4402036921886,above_preferred,0
W07-B014,W07,Ward 7,38101.03970279075,3.810103970279075,10000,281.0103970279075,above_preferred,11
W07-B015,W07,Ward 7,37769.58147786641,3.776958147786641,10000,277.6958147786641,above_preferred,12
W07-B016,W07,Ward 7,37391.44968496363,3.7391449684963627,10000,273.9144968496363,above_preferred,48
W07-B017,W07,Ward 7,36714.591934334836,3.6714591934334835,10000,267.14591934334834,above_preferred,61
W07-B018,W07,Ward 7,36346.14740366304,3.634614740366304,10000,263.46147403663036,above_preferred,0
W07-B019,W07,Ward 7,36042.01219583381,3.6042012195833815,10000,260.42012195833814,above_preferred,0
W07-B020,W07,Ward 7,35520.33313523302,3.552033313523302,10000,255.20333135233022,above_preferred,1
W07-B021,W07,Ward 7,35300.35715584619,3.5300357155846194,10000,253.00357155846194,above_preferred,3
W07-B022,W07,Ward 7,35073.58062147912,3.507358062147912,10000,250.7358062147912,above_preferred,0
W07-B023,W07,Ward 7,34997.443190785205,3.4997443190785207,10000,249.97443190785208,above_preferred,10
W07-B024,W07,Ward 7,34997.443190785205,3.4997443190785207,10000,249.97443190785208,above_preferred,6
W07-B025,W07,Ward 7,34997.443190774095,3.4997443190774096,10000,249.97443190774095,above_preferred,25
W07-B026,W07,Ward 7,34997.4431907741,3.49974431907741,10000,249.974431907741,above_preferred,31
W07-B027,W07,Ward 7,34918.61013881384,3.491861013881384,10000,249.1861013881384,above_preferred,30
W07-B028,W07,Ward 7,34778.4162961529,3.47784162961529,10000,247.78416296152898,above_preferred,0
W07-B029,W07,Ward 7,34630.928819782326,3.4630928819782327,10000,246.30928819782326,above_preferred,0
W07-B030,W07,Ward 7,33911.27016083469,3.3911270160834692,10000,239.11270160834692,above_preferred,0
W07-B031,W07,Ward 7,33670.332286339275,3.3670332286339275,10000,236.70332286339274,above_preferred,27
W07-B032,W07,Ward 7,33506.49415428567,3.350649415428567,10000,235.06494154285667,above_preferred,38
W07-B033,W07,Ward 7,33157.51671339766,3.3157516713397657,10000,231.57516713397658,above_preferred,12
W07-B034,W07,Ward 7,32924.27092425616,3.292427092425616,10000,229.2427092425616,above_preferred,28
W07-B035,W07,Ward 7,32924.27092425616,3.292427092425616,10000,229.2427092425616,above_preferred,40
W07-B036,W07,Ward 7,32924.27092424519,3.292427092424519,10000,229.24270924245192,above_preferred,24
W07-B037,W07,Ward 7,32442.43149856026,3.2442431498560262,10000,224.42431498560262,above_preferred,33
W07-B038,W07,Ward 7,32345.39710812823,3.234539710812823,10000,223.4539710812823,above_preferred,52
W07-B039,W07,Ward 7,32160.807873353453,3.216080787335345,10000,221.6080787335345,above_preferred,42
W07-B040,W07,Ward 7,32142.283907140543,3.2142283907140543,10000,221.42283907140543,above_preferred,0
W07-B041,W07,Ward 7,32142.28390713311,3.214228390713311,10000,221.42283907133108,above_preferred,0
W07-B042,W07,Ward 7,32142.283907111254,3.2142283907111255,10000,221.42283907111255,above_preferred,13
W07-B043,W07,Ward 7,32142.283907103818,3.2142283907103817,10000,221.42283907103817,above_preferred,7
W07-B044,W07,Ward 7,31744.191035284493,3.1744191035284492,10000,217.44191035284493,above_preferred,34
W07-B045,W07,Ward 7,31744.191035284493,3.1744191035284492,10000,217.44191035284493,above_preferred,12
W07-B046,W07,Ward 7,31744.191035284493,3.1744191035284492,10000,217.44191035284493,above_preferred,27
W07-B047,W07,Ward 7,31744.191035284493,3.1744191035284492,10000,217.44191035284493,above_preferred,34
W07-B048,W07,Ward 7,31621.097277538174,3.1621097277538173,10000,216.21097277538172,above_preferred,0
W07-B049,W07,Ward 7,31621.097277538178,3.1621097277538177,10000,216.21097277538178,above_preferred,0
W07-B050,W07,Ward 7,31621.09727752814,3.162109727752814,10000,216.21097277528142,above_preferred,0
W07-B051,W07,Ward 7,31621.09727752814,3.162109727752814,10000,216.21097277528142,above_preferred,0
W07-B052,W07,Ward 7,31304.886304773816,3.1304886304773816,10000,213.04886304773817,above_preferred,1
W07-B053,W07,Ward 7,31243.19906211929,3.124319906211929,10000,212.43199062119288,above_preferred,52
W07-B054,W07,Ward 7,31057.19367627432,3.105719367627432,10000,210.5719367627432,above_preferred,49
W07-B055,W07,Ward 7,31014.16464808667,3.101416464808667,10000,210.1416464808667,above_preferred,3
W07-B056,W07,Ward 7,30875.34625520348,3.087534625520348,10000,208.75346255203482,above_preferred,8
W07-B057,W07,Ward 7,30760.487318848933,3.0760487318848933,10000,207.60487318848934,above_preferred,0
W07-B058,W07,Ward 7,30685.397300332363,3.0685397300332364,10000,206.85397300332363,above_preferred,15
W07-B059,W07,Ward 7,30550.14131001915,3.055014131001915,10000,205.50141310019148,above_preferred,1
W07-B060,W07,Ward 7,30292.288767774568,3.0292288767774567,10000,202.92288767774568,above_preferred,14
W07-B061,W07,Ward 7,30109.886438714002,3.0109886438714004,10000,201.09886438714005,above_preferred,44
W07-B062,W07,Ward 7,29989.65197991466,2.998965197991466,10000,199.8965197991466,above_preferred,18
W07-B063,W07,Ward 7,29892.86555817494,2.989286555817494,10000,198.9286555817494,above_preferred,0
W07-B064,W07,Ward 7,29382.319181226827,2.938231918122683,10000,193.82319181226828,above_preferred,39
W07-B065,W07,Ward 7,29317.146915068628,2.931714691506863,10000,193.17146915068628,above_preferred,20
W07-B066,W07,Ward 7,28708.202885497005,2.8708202885497003,10000,187.08202885497002,above_preferred,7
W07-B067,W07,Ward 7,28634.271701553473,2.8634271701553473,10000,186.34271701553473,above_preferred,0
W07-B068,W07,Ward 7,28634.271701544385,2.8634271701544387,10000,186.34271701544387,above_preferred,16
W07-B069,W07,Ward 7,28634.271701532125,2.8634271701532126,10000,186.34271701532126,above_preferred,0
W07-B070,W07,Ward 7,28634.271701523037,2.8634271701523035,10000,186.34271701523036,above_preferred,3
W07-B071,W07,Ward 7,28334.396307083032,2.833439630708303,10000,183.3439630708303,above_preferred,0
W07-B072,W07,Ward 7,27964.07938076661,2.7964079380766607,10000,179.64079380766606,above_preferred,0
W07-B073,W07,Ward 7,27964.07938076661,2.7964079380766607,10000,179.64079380766606,above_preferred,0
W07-B074,W07,Ward 7,27761.026042510908,2.776102604251091,10000,177.6102604251091,above_preferred,7
W07-B075,W07,Ward 7,27263.319981740482,2.7263319981740484,10000,172.63319981740483,above_preferred,5
W07-B076,W07,Ward 7,27263.319981722187,2.7263319981722187,10000,172.63319981722188,above_preferred,13
W07-B077,W07,Ward 7,27085.533608794398,2.70855336087944,10000,170.85533608794398,above_preferred,24
W07-B078,W07,Ward 7,26938.039847124222,2.693803984712422,10000,169.38039847124222,above_preferred,42
W07-B079,W07,Ward 7,26938.039847115244,2.6938039847115243,10000,169.38039847115243,above_preferred,9
W07-B080,W07,Ward 7,26858.18243935966,2.6858182439359664,10000,168.58182439359663,above_preferred,3
W07-B081,W07,Ward 7,26651.951740965756,2.6651951740965756,10000,166.51951740965757,above_preferred,5
W07-B082,W07,Ward 7,26651.95174095112,2.6651951740951123,10000,166.51951740951122,above_preferred,7
W07-B083,W07,Ward 7,26619.267366771786,2.6619267366771786,10000,166.19267366771786,above_preferred,0
W07-B084,W07,Ward 7,26543.807589733347,2.6543807589733346,10000,165.43807589733345,above_preferred,36
W07-B085,W07,Ward 7,26464.415815720942,2.6464415815720943,10000,164.64415815720943,above_preferred,33
W07-B086,W07,Ward 7,26279.685406105764,2.6279685406105764,10000,162.79685406105764,above_preferred,28
W07-B087,W07,Ward 7,25972.519937962217,2.5972519937962217,10000,159.72519937962218,above_preferred,34
W07-B088,W07,Ward 7,25972.519937962217,2.5972519937962217,10000,159.72519937962218,above_preferred,12
W07-B089,W07,Ward 7,25972.519937962217,2.5972519937962217,10000,159.72519937962218,above_preferred,32
W07-B090,W07,Ward 7,25972.519937962217,2.5972519937962217,10000,159.72519937962218,above_preferred,30
W07-B091,W07,Ward 7,25871.806863457794,2.5871806863457794,10000,158.71806863457795,above_preferred,1
W07-B092,W07,Ward 7,25871.806863449583,2.5871806863449582,10000,158.71806863449584,above_preferred,0
W07-B093,W07,Ward 7,25871.806863436443,2.587180686343644,10000,158.7180686343644,above_preferred,1
W07-B094,W07,Ward 7,25871.80686342823,2.587180686342823,10000,158.7180686342823,above_preferred,0
W07-B095,W07,Ward 7,25613.088794799995,2.5613088794799994,10000,156.13088794799995,above_preferred,2
W07-B096,W07,Ward 7,25448.369510723463,2.5448369510723463,10000,154.48369510723464,above_preferred,21
W07-B097,W07,Ward 7,25428.72872212468,2.542872872212468,10000,154.2872872212468,above_preferred,0
W07-B098,W07,Ward 7,25378.954153966228,2.5378954153966227,10000,153.78954153966225,above_preferred,0
W07-B099,W07,Ward 7,25106.234154820082,2.510623415482008,10000,151.0623415482008,above_preferred,22
W07-B100,W07,Ward 7,24978.98236375243,2.497898236375243,10000,149.7898236375243,above_preferred,9
W07-B101,W07,Ward 7,24797.708020054884,2.4797708020054885,10000,147.97708020054884,above_preferred,7
W07-B102,W07,Ward 7,24541.06833930181,2.4541068339301813,10000,145.41068339301813,above_preferred,12
W07-B103,W07,Ward 7,24536.987983568204,2.4536987983568204,10000,145.36987983568204,above_preferred,11
W07-B104,W07,Ward 7,24414.093842556627,2.4414093842556626,10000,144.14093842556625,above_preferred,37
W07-B105,W07,Ward 7,24199.81034833637,2.419981034833637,10000,141.99810348336368,above_preferred,5
W07-B106,W07,Ward 7,24092.365247934104,2.4092365247934104,10000,140.92365247934106,above_preferred,15
W07-B107,W07,Ward 7,24013.02193618634,2.401302193618634,10000,140.1302193618634,above_preferred,4
W07-B108,W07,Ward 7,23600.352257027924,2.3600352257027923,10000,136.00352257027924,above_preferred,0
W07-B109,W07,Ward 7,23566.596656656253,2.3566596656656253,10000,135.66596656656253,above_preferred,0
W07-B110,W07,Ward 7,23253.51728807559,2.3253517288075587,10000,132.53517288075588,above_preferred,26
W07-B111,W07,Ward 7,23026.002950578368,2.302600295057837,10000,130.26002950578368,above_preferred,37
W07-B112,W07,Ward 7,22879.70131152993,2.287970131152993,10000,128.7970131152993,above_preferred,0
W07-B113,W07,Ward 7,22879.70131152993,2.287970131152993,10000,128.7970131152993,above_preferred,0
W07-B114,W07,Ward 7,22808.864247914815,2.2808864247914813,10000,128.08864247914812,above_preferred,47
W07-B115,W07,Ward 7,22682.972814971494,2.2682972814971496,10000,126.82972814971495,above_preferred,0
W07-B116,W07,Ward 7,22496.357673964798,2.2496357673964797,10000,124.96357673964798,above_preferred,30
W07-B117,W07,Ward 7,22306.35271233771,2.230635271233771,10000,123.0635271233771,above_preferred,18
W07-B118,W07,Ward 7,22306.352712322743,2.2306352712322743,10000,123.06352712322743,above_preferred,14
W07-B119,W07,Ward 7,22127.89768078437,2.2127897680784367,10000,121.27897680784368,above_preferred,0
W07-B120,W07,Ward 7,21806.142333516316,2.1806142333516316,10000,118.06142333516317,above_preferred,34
W07-B121,W07,Ward 7,21806.142333504344,2.1806142333504344,10000,118.06142333504343,above_preferred,18
W07-B122,W07,Ward 7,21582.068528415417,2.1582068528415417,10000,115.82068528415417,above_preferred,25
W07-B123,W07,Ward 7,21182.683427411204,2.1182683427411204,10000,111.82683427411204,above_preferred,18
W07-B124,W07,Ward 7,21138.678390926398,2.1138678390926398,10000,111.38678390926398,above_preferred,0
W07-B125,W07,Ward 7,20821.393236032072,2.082139323603207,10000,108.21393236032071,above_preferred,24
W07-B126,W07,Ward 7,20274.496219306166,2.0274496219306166,10000,102.74496219306167,above_preferred,18
W07-B127,W07,Ward 7,19721.896960142174,1.9721896960142173,10000,97.21896960142173,above_preferred,17
W07-B128,W07,Ward 7,19711.93520285874,1.971193520285874,10000,97.11935202858739,above_preferred,5
W07-B129,W07,Ward 7,19647.702879903984,1.9647702879903983,10000,96.47702879903983,above_preferred,0
W07-B130,W07,Ward 7,19589.9208152848,1.95899208152848,10000,95.899208152848,above_preferred,5
W07-B131,W07,Ward 7,18605.2468542456,1.86052468542456,10000,86.05246854245601,above_preferred,0
W07-B132,W07,Ward 7,18222.834805097733,1.8222834805097732,10000,82.22834805097732,above_preferred,29
W07-B133,W07,Ward 7,18172.829656382408,1.8172829656382408,10000,81.72829656382407,above_preferred,0
W07-B134,W07,Ward 7,18081.910080066988,1.8081910080066987,10000,80.81910080066987,above_preferred,5
W07-B135,W07,Ward 7,18068.6888462217,1.8068688846221699,10000,80.68688846221698,above_preferred,0
W07-B136,W07,Ward 7,17734.01403165781,1.773401403165781,10000,77.3401403165781,above_preferred,5
W07-B137,W07,Ward 7,16656.582824267716,1.6656582824267716,10000,66.56582824267716,above_preferred,9
W07-B138,W07,Ward 7,15084.994794965884,1.5084994794965882,10000,50.84994794965883,above_preferred,19
W07-B139,W07,Ward 7,13919.322281832094,1.3919322281832094,10000,39.19322281832094,above_preferred,17
W07-B140,W07,Ward 7,13899.040379137,1.3899040379137,10000,38.99040379137,above_preferred,0
W07-B141,W07,Ward 7,12113.027883720293,1.2113027883720293,10000,21.13027883720293,above_preferred,17
W07-B142,W07,Ward 7,11331.28785021694,1.133128785021694,10000,13.3128785021694,within_preferred,2
W07-B143,W07,Ward 7,11156.68647714239,1.115668647714239,10000,11.566864771423901,within_preferred,3
W07-B144,W07,Ward 7,4016.368102701646,0.4016368102701646,10000,-59.836318972983534,below_preferred,0
W07-B145,W07,Ward 7,3838.1227965529774,0.38381227965529774,10000,-61.618772034470226,below_preferred,3
W03-B001,W03,Ward 3,40569.4957325343,4.05694957325343,10000,305.694957325343,above_preferred,19
W03-B002,W03,Ward 3,40457.05631082843,4.045705631082844,10000,304.5705631082844,above_preferred,29
W03-B003,W03,Ward 3,40433.14191773195,4.043314191773195,10000,304.3314191773195,above_preferred,60
W03-B004,W03,Ward 3,40061.730531298366,4.006173053129837,10000,300.6173053129837,above_preferred,18
W03-B005,W03,Ward 3,39641.007378104405,3.9641007378104405,10000,296.41007378104405,above_preferred,59
W03-B006,W03,Ward 3,39057.80725247326,3.9057807252473262,10000,290.57807252473265,above_preferred,28
W03-B007,W03,Ward 3,38609.93162456515,3.860993162456515,10000,286.0993162456515,above_preferred,24
W03-B008,W03,Ward 3,38236.671727415276,3.8236671727415277,10000,282.3667172741528,above_preferred,40
W03-B009,W03,Ward 3,37676.94196180976,3.767694196180976,10000,276.7694196180976,above_preferred,0
W03-B010,W03,Ward 3,37375.28571648073,3.7375285716480726,10000,273.75285716480727,above_preferred,34
W03-B011,W03,Ward 3,36930.18286591441,3.6930182865914407,10000,269.30182865914406,above_preferred,0
W03-B012,W03,Ward 3,36925.80818127909,3.692580818127909,10000,269.2580818127909,above_preferred,21
W03-B013,W03,Ward 3,36715.34655458461,3.671534655458461,10000,267.15346554584613,above_preferred,43
W03-B014,W03,Ward 3,36479.268328539576,3.647926832853958,10000,264.79268328539575,above_preferred,7
W03-B015,W03,Ward 3,36443.927979764114,3.6443927979764115,10000,264.4392797976411,above_preferred,0
W03-B016,W03,Ward 3,36074.91426162655,3.6074914261626554,10000,260.74914261626554,above_preferred,6
W03-B017,W03,Ward 3,35125.227390249194,3.5125227390249196,10000,251.25227390249196,above_preferred,55
W03-B018,W03,Ward 3,34930.63785361443,3.4930637853614432,10000,249.30637853614434,above_preferred,55
W03-B019,W03,Ward 3,34288.80253297301,3.428880253297301,10000,242.88802532973008,above_preferred,0
W03-B020,W03,Ward 3,34222.28576145039,3.422228576145039,10000,242.22285761450388,above_preferred,16
W03-B021,W03,Ward 3,34036.67580763762,3.403667580763762,10000,240.3667580763762,above_preferred,33
W03-B022,W03,Ward 3,34006.21041813865,3.4006210418138654,10000,240.06210418138653,above_preferred,0
W03-B023,W03,Ward 3,33718.36419197678,3.3718364191976784,10000,237.18364191976784,above_preferred,2
W03-B024,W03,Ward 3,33717.12940945019,3.3717129409450193,10000,237.17129409450192,above_preferred,40
W03-B025,W03,Ward 3,33543.11958915599,3.354311958915599,10000,235.4311958915599,above_preferred,0
W03-B026,W03,Ward 3,33515.26969249605,3.351526969249605,10000,235.15269692496048,above_preferred,2
W03-B027,W03,Ward 3,32026.356077455344,3.2026356077455342,10000,220.2635607745534,above_preferred,20
W03-B028,W03,Ward 3,31956.38775201988,3.195638775201988,10000,219.56387752019882,above_preferred,51
W03-B029,W03,Ward 3,31168.479170140417,3.116847917014042,10000,211.6847917014042,above_preferred,20
W03-B030,W03,Ward 3,30065.750756108304,3.0065750756108303,10000,200.65750756108304,above_preferred,4
W03-B031,W03,Ward 3,29765.517030108404,2.9765517030108404,10000,197.65517030108404,above_preferred,32
W03-B032,W03,Ward 3,29136.17561090276,2.913617561090276,10000,191.3617561090276,above_preferred,0
W03-B033,W03,Ward 3,28579.61278931583,2.857961278931583,10000,185.7961278931583,above_preferred,38
W03-B034,W03,Ward 3,27923.268157496514,2.7923268157496515,10000,179.23268157496514,above_preferred,3
W03-B035,W03,Ward 3,27600.717656620727,2.760071765662073,10000,176.00717656620728,above_preferred,4
W03-B036,W03,Ward 3,27262.759985728593,2.7262759985728593,10000,172.62759985728593,above_preferred,0
W03-B037,W03,Ward 3,26146.135433491694,2.6146135433491695,10000,161.46135433491696,above_preferred,30
W03-B038,W03,Ward 3,25899.717879218515,2.5899717879218516,10000,158.99717879218517,above_preferred,31
W03-B039,W03,Ward 3,25316.077938474824,2.5316077938474826,10000,153.16077938474825,above_preferred,2
W03-B040,W03,Ward 3,25144.704395612964,2.5144704395612965,10000,151.44704395612965,above_preferred,37
W03-B041,W03,Ward 3,24461.929109608274,2.4461929109608276,10000,144.61929109608275,above_preferred,0
W03-B042,W03,Ward 3,23893.646174383037,2.3893646174383036,10000,138.93646174383036,above_preferred,9
W03-B043,W03,Ward 3,22931.859014359514,2.2931859014359515,10000,129.31859014359515,above_preferred,20
W03-B044,W03,Ward 3,22072.31419114954,2.207231419114954,10000,120.7231419114954,above_preferred,14
W03-B045,W03,Ward 3,21492.272476784197,2.1492272476784198,10000,114.92272476784197,above_preferred,1
W03-B046,W03,Ward 3,21062.012402633867,2.1062012402633865,10000,110.62012402633866,above_preferred,9
W03-B047,W03,Ward 3,20844.461339684065,2.0844461339684064,10000,108.44461339684064,above_preferred,1
W03-B048,W03,Ward 3,19574.06588731417,1.957406588731417,10000,95.7406588731417,above_preferred,9
W03-B049,W03,Ward 3,19563.04849929341,1.9563048499293412,10000,95.63048499293411,above_preferred,30
W03-B050,W03,Ward 3,19190.262699638202,1.9190262699638203,10000,91.90262699638203,above_preferred,37
W03-B051,W03,Ward 3,16944.513333268653,1.6944513333268654,10000,69.44513333268654,above_preferred,15
W03-B052,W03,Ward 3,16661.42653917244,1.666142653917244,10000,66.61426539172439,above_preferred,11
W03-B053,W03,Ward 3,16189.368828620529,1.618936882862053,10000,61.8936882862053,above_preferred,5
W03-B054,W03,Ward 3,13072.345865250936,1.3072345865250936,10000,30.72345865250936,above_preferred,0
W03-B055,W03,Ward 3,13066.309360795407,1.3066309360795407,10000,30.663093607954075,above_preferred,19
W03-B056,W03,Ward 3,12806.550070462794,1.2806550070462794,10000,28.065500704627944,above_preferred,32
W03-B057,W03,Ward 3,12730.274825193597,1.2730274825193597,10000,27.30274825193597,above_preferred,0
W03-B058,W03,Ward 3,12150.077827351384,1.2150077827351384,10000,21.500778273513845,above_preferred,13
W03-B059,W03,Ward 3,11935.292105937295,1.1935292105937294,10000,19.35292105937294,within_preferred,1
W03-B060,W03,Ward 3,11856.88025840028,1.185688025840028,10000,18.568802584002796,within_preferred,0
W03-B061,W03,Ward 3,10506.584100456475,1.0506584100456475,10000,5.065841004564753,within_preferred,5
W03-B062,W03,Ward 3,5445.405228163549,0.5445405228163549,10000,-45.54594771836451,below_preferred,4
W03-B063,W03,Ward 3,2940.599102307718,0.2940599102307718,10000,-70.59400897692282,below_preferred,0
W06-B001,W06,Ward 6,40680.086262972814,4.068008626297281,10000,306.80086262972816,above_preferred,22
W06-B002,W06,Ward 6,40680.086262972814,4.068008626297281,10000,306.80086262972816,above_preferred,19
W06-B003,W06,Ward 6,40680.086262943034,4.068008626294303,10000,306.80086262943036,above_preferred,19
W06-B004,W06,Ward 6,40680.086262943034,4.068008626294303,10000,306.80086262943036,above_preferred,22
W06-B005,W06,Ward 6,40680.086262943034,4.068008626294303,10000,306.80086262943036,above_preferred,18
W06-B006,W06,Ward 6,40680.086262943034,4.068008626294303,10000,306.80086262943036,above_preferred,25
W06-B007,W06,Ward 6,40676.671016673514,4.067667101667351,10000,306.7667101667351,above_preferred,16
W06-B008,W06,Ward 6,40605.90338963876,4.060590338963876,10000,306.0590338963876,above_preferred,34
W06-B009,W06,Ward 6,40603.850048026296,4.0603850048026295,10000,306.03850048026294,above_preferred,22
W06-B010,W06,Ward 6,40554.83037799709,4.055483037799709,10000,305.54830377997087,above_preferred,19
W06-B011,W06,Ward 6,40428.66300132489,4.042866300132489,10000,304.2866300132489,above_preferred,33
W06-B012,W06,Ward 6,40428.66300130089,4.042866300130089,10000,304.2866300130089,above_preferred,12
W06-B013,W06,Ward 6,40264.15738765102,4.0264157387651025,10000,302.6415738765103,above_preferred,24
W06-B014,W06,Ward 6,40264.15738762681,4.02641573876268,10000,302.64157387626807,above_preferred,23
W06-B015,W06,Ward 6,40247.4232733706,4.02474232733706,10000,302.47423273370606,above_preferred,0
W06-B016,W06,Ward 6,40230.09571432062,4.023009571432062,10000,302.3009571432062,above_preferred,13
W06-B017,W06,Ward 6,40098.5068943706,4.00985068943706,10000,300.985068943706,above_preferred,18
W06-B018,W06,Ward 6,39975.47630355935,3.997547630355935,10000,299.7547630355935,above_preferred,34
W06-B019,W06,Ward 6,39832.93129628093,3.983293129628093,10000,298.3293129628093,above_preferred,9
W06-B020,W06,Ward 6,39828.316297961166,3.9828316297961166,10000,298.2831629796117,above_preferred,127
W06-B021,W06,Ward 6,39776.248563422494,3.9776248563422496,10000,297.76248563422496,above_preferred,32
W06-B022,W06,Ward 6,39660.32757856384,3.966032757856384,10000,296.6032757856384,above_preferred,53
W06-B023,W06,Ward 6,39529.12405968872,3.9529124059688723,10000,295.29124059688723,above_preferred,48
W06-B024,W06,Ward 6,39493.00830897147,3.9493008308971467,10000,294.9300830897147,above_preferred,13
W06-B025,W06,Ward 6,39441.83016713975,3.944183016713975,10000,294.4183016713975,above_preferred,4
W06-B026,W06,Ward 6,39363.57451683609,3.936357451683609,10000,293.63574516836087,above_preferred,24
W06-B027,W06,Ward 6,39342.53398108027,3.934253398108027,10000,293.4253398108027,above_preferred,2
W06-B028,W06,Ward 6,39265.47783714326,3.926547783714326,10000,292.6547783714326,above_preferred,26
W06-B029,W06,Ward 6,39261.83444366546,3.9261834443665458,10000,292.6183444366546,above_preferred,19
W06-B030,W06,Ward 6,39248.292199040276,3.9248292199040278,10000,292.48292199040276,above_preferred,0
W06-B031,W06,Ward 6,39237.178642162784,3.9237178642162784,10000,292.37178642162786,above_preferred,19
W06-B032,W06,Ward 6,39220.77447139383,3.922077447139383,10000,292.2077447139383,above_preferred,30
W06-B033,W06,Ward 6,39220.77447139383,3.922077447139383,10000,292.2077447139383,above_preferred,17
W06-B034,W06,Ward 6,39146.70568014946,3.9146705680149463,10000,291.4670568014946,above_preferred,12
W06-B035,W06,Ward 6,39146.70568014946,3.9146705680149463,10000,291.4670568014946,above_preferred,11
W06-B036,W06,Ward 6,39123.20229424098,3.912320229424098,10000,291.2320229424098,above_preferred,0
W06-B037,W06,Ward 6,39112.710511818776,3.9112710511818776,10000,291.1271051181877,above_preferred,43
W06-B038,W06,Ward 6,39097.59955206457,3.909759955206457,10000,290.97599552064565,above_preferred,19
W06-B039,W06,Ward 6,39012.23214796649,3.901223214796649,10000,290.1223214796649,above_preferred,69
W06-B040,W06,Ward 6,38850.83088512719,3.8850830885127188,10000,288.50830885127186,above_preferred,18
W06-B041,W06,Ward 6,38849.658869858155,3.8849658869858152,10000,288.49658869858155,above_preferred,4
W06-B042,W06,Ward 6,38832.620839959156,3.8832620839959158,10000,288.32620839959156,above_preferred,13
W06-B043,W06,Ward 6,38769.00221411328,3.876900221411328,10000,287.6900221411328,above_preferred,18
W06-B044,W06,Ward 6,38764.07028994185,3.8764070289941848,10000,287.6407028994185,above_preferred,54
W06-B045,W06,Ward 6,38735.3632141086,3.87353632141086,10000,287.353632141086,above_preferred,5
W06-B046,W06,Ward 6,38721.82299887451,3.872182299887451,10000,287.21822998874507,above_preferred,48
W06-B047,W06,Ward 6,38689.77294496289,3.868977294496289,10000,286.89772944962886,above_preferred,10
W06-B048,W06,Ward 6,38591.0982730344,3.8591098273034397,10000,285.91098273034396,above_preferred,39
W06-B049,W06,Ward 6,38536.72636836259,3.8536726368362593,10000,285.36726368362594,above_preferred,8
W06-B050,W06,Ward 6,38457.26238971443,3.845726238971443,10000,284.5726238971443,above_preferred,14
W06-B051,W06,Ward 6,38357.34364615822,3.8357343646158215,10000,283.57343646158216,above_preferred,4
W06-B052,W06,Ward 6,38165.49429319551,3.8165494293195508,10000,281.6549429319551,above_preferred,20
W06-B053,W06,Ward 6,37890.714773427855,3.7890714773427856,10000,278.90714773427857,above_preferred,14
W06-B054,W06,Ward 6,37692.70048369087,3.7692700483690866,10000,276.9270048369087,above_preferred,19
W06-B055,W06,Ward 6,37567.98301109458,3.7567983011094577,10000,275.6798301109458,above_preferred,33
W06-B056,W06,Ward 6,37541.68890252118,3.7541688902521178,10000,275.4168890252118,above_preferred,11
W06-B057,W06,Ward 6,37413.086926308075,3.7413086926308075,10000,274.13086926308074,above_preferred,20
W06-B058,W06,Ward 6,37394.46973080366,3.739446973080366,10000,273.9446973080366,above_preferred,16
W06-B059,W06,Ward 6,37374.632179913955,3.7374632179913956,10000,273.74632179913954,above_preferred,47
W06-B060,W06,Ward 6,37151.07811872808,3.7151078118728083,10000,271.5107811872808,above_preferred,35
W06-B061,W06,Ward 6,37118.67040268877,3.711867040268877,10000,271.1867040268877,above_preferred,0
W06-B062,W06,Ward 6,37097.1947328995,3.70971947328995,10000,270.971947328995,above_preferred,1
W06-B063,W06,Ward 6,36955.62460789575,3.6955624607895747,10000,269.5562460789575,above_preferred,4
W06-B064,W06,Ward 6,36672.96814101449,3.6672968141014493,10000,266.7296814101449,above_preferred,7
W06-B065,W06,Ward 6,36672.96814100327,3.667296814100327,10000,266.7296814100327,above_preferred,12
W06-B066,W06,Ward 6,36672.96814100327,3.667296814100327,10000,266.7296814100327,above_preferred,22
W06-B067,W06,Ward 6,36672.96814099969,3.667296814099969,10000,266.7296814099969,above_preferred,15
W06-B068,W06,Ward 6,36650.73714289275,3.665073714289275,10000,266.5073714289275,above_preferred,0
W06-B069,W06,Ward 6,36650.73714289275,3.665073714289275,10000,266.5073714289275,above_preferred,13
W06-B070,W06,Ward 6,36650.73714289274,3.6650737142892744,10000,266.50737142892746,above_preferred,24
W06-B071,W06,Ward 6,36385.79670116533,3.638579670116533,10000,263.8579670116533,above_preferred,21
W06-B072,W06,Ward 6,36306.2384595929,3.6306238459592906,10000,263.0623845959291,above_preferred,10
W06-B073,W06,Ward 6,36222.68094602236,3.622268094602236,10000,262.2268094602236,above_preferred,4
W06-B074,W06,Ward 6,36087.01221493636,3.608701221493636,10000,260.87012214936357,above_preferred,13
W06-B075,W06,Ward 6,35915.0625778656,3.5915062577865604,10000,259.15062577865604,above_preferred,54
W06-B076,W06,Ward 6,35777.15366169479,3.577715366169479,10000,257.7715366169479,above_preferred,0
W06-B077,W06,Ward 6,35749.796498385535,3.5749796498385535,10000,257.49796498385535,above_preferred,40
W06-B078,W06,Ward 6,35719.07900210451,3.571907900210451,10000,257.1907900210451,above_preferred,27
W06-B079,W06,Ward 6,35566.83467390767,3.5566834673907675,10000,255.66834673907675,above_preferred,0
W06-B080,W06,Ward 6,35549.74339153779,3.5549743391537794,10000,255.49743391537794,above_preferred,22
W06-B081,W06,Ward 6,35525.39045380944,3.5525390453809442,10000,255.25390453809442,above_preferred,61
W06-B082,W06,Ward 6,35464.70647344269,3.546470647344269,10000,254.64706473442692,above_preferred,19
W06-B083,W06,Ward 6,35457.82154675283,3.545782154675283,10000,254.57821546752828,above_preferred,14
W06-B084,W06,Ward 6,35133.53780466752,3.5133537804667516,10000,251.33537804667517,above_preferred,23
W06-B085,W06,Ward 6,35123.793341329656,3.5123793341329654,10000,251.23793341329653,above_preferred,37
W06-B086,W06,Ward 6,34996.227954903465,3.4996227954903465,10000,249.96227954903466,above_preferred,8
W06-B087,W06,Ward 6,34972.64868811821,3.4972648688118215,10000,249.72648688118215,above_preferred,15
W06-B088,W06,Ward 6,34859.79675710083,3.4859796757100825,10000,248.59796757100824,above_preferred,41
W06-B089,W06,Ward 6,34814.37477395792,3.481437477395792,10000,248.1437477395792,above_preferred,7
W06-B090,W06,Ward 6,34802.79126134206,3.480279126134206,10000,248.0279126134206,above_preferred,18
W06-B091,W06,Ward 6,34617.80688596452,3.461780688596452,10000,246.17806885964518,above_preferred,12
W06-B092,W06,Ward 6,34563.103814787595,3.4563103814787595,10000,245.63103814787596,above_preferred,18
W06-B093,W06,Ward 6,34550.796613086866,3.4550796613086865,10000,245.50796613086865,above_preferred,21
W06-B094,W06,Ward 6,34452.65921679952,3.445265921679952,10000,244.5265921679952,above_preferred,19
W06-B095,W06,Ward 6,34363.790748013475,3.4363790748013474,10000,243.63790748013474,above_preferred,18
W06-B096,W06,Ward 6,34340.55526934645,3.4340555269346447,10000,243.40555269346447,above_preferred,13
W06-B097,W06,Ward 6,34299.14536146623,3.4299145361466232,10000,242.99145361466233,above_preferred,52
W06-B098,W06,Ward 6,34288.770819516954,3.4288770819516956,10000,242.88770819516955,above_preferred,7
W06-B099,W06,Ward 6,34116.51216413697,3.411651216413697,10000,241.16512164136972,above_preferred,13
W06-B100,W06,Ward 6,33756.31822267548,3.375631822267548,10000,237.5631822267548,above_preferred,26
W06-B101,W06,Ward 6,33648.485125423336,3.3648485125423337,10000,236.48485125423338,above_preferred,9
W06-B102,W06,Ward 6,33624.39153144606,3.362439153144606,10000,236.2439153144606,above_preferred,14
W06-B103,W06,Ward 6,33492.196099080335,3.3492196099080336,10000,234.92196099080337,above_preferred,53
W06-B104,W06,Ward 6,33344.80492122622,3.334480492122622,10000,233.4480492122622,above_preferred,4
W06-B105,W06,Ward 6,33344.80492122622,3.334480492122622,10000,233.4480492122622,above_preferred,10
W06-B106,W06,Ward 6,33344.80492122622,3.334480492122622,10000,233.4480492122622,above_preferred,32
W06-B107,W06,Ward 6,33344.80492122622,3.334480492122622,10000,233.4480492122622,above_preferred,13
W06-B108,W06,Ward 6,33344.80492122622,3.334480492122622,10000,233.4480492122622,above_preferred,7
W06-B109,W06,Ward 6,33344.80492122622,3.334480492122622,10000,233.4480492122622,above_preferred,4
W06-B110,W06,Ward 6,33344.804921206254,3.3344804921206253,10000,233.44804921206253,above_preferred,1
W06-B111,W06,Ward 6,33344.804921206254,3.3344804921206253,10000,233.44804921206253,above_preferred,6
W06-B112,W06,Ward 6,33339.06194637077,3.333906194637077,10000,233.3906194637077,above_preferred,17
W06-B113,W06,Ward 6,33339.061946360576,3.3339061946360578,10000,233.3906194636058,above_preferred,17
W06-B114,W06,Ward 6,33339.061946360576,3.3339061946360578,10000,233.3906194636058,above_preferred,8
W06-B115,W06,Ward 6,33339.061946360576,3.3339061946360578,10000,233.3906194636058,above_preferred,1
W06-B116,W06,Ward 6,33339.061946360576,3.3339061946360578,10000,233.3906194636058,above_preferred,9
W06-B117,W06,Ward 6,33339.061946360576,3.3339061946360578,10000,233.3906194636058,above_preferred,12
W06-B118,W06,Ward 6,33335.02614234283,3.333502614234283,10000,233.35026142342832,above_preferred,30
W06-B119,W06,Ward 6,33307.714677593896,3.33077146775939,10000,233.07714677593899,above_preferred,29
W06-B120,W06,Ward 6,33171.968587543844,3.3171968587543845,10000,231.71968587543844,above_preferred,0
W06-B121,W06,Ward 6,33077.997001084,3.3077997001084,10000,230.77997001083997,above_preferred,29
W06-B122,W06,Ward 6,33077.99700106437,3.3077997001064365,10000,230.77997001064367,above_preferred,17
W06-B123,W06,Ward 6,33011.356871999444,3.3011356871999444,10000,230.11356871999445,above_preferred,10
W06-B124,W06,Ward 6,32943.40149898105,3.294340149898105,10000,229.43401498981052,above_preferred,5
W06-B125,W06,Ward 6,32943.40149898105,3.294340149898105,10000,229.43401498981052,above_preferred,33
W06-B126,W06,Ward 6,32943.40149896124,3.294340149896124,10000,229.4340149896124,above_preferred,32
W06-B127,W06,Ward 6,32633.829197581854,3.263382919758185,10000,226.33829197581852,above_preferred,27
W06-B128,W06,Ward 6,32432.631956683417,3.2432631956683418,10000,224.32631956683417,above_preferred,3
W06-B129,W06,Ward 6,32366.45029420958,3.236645029420958,10000,223.6645029420958,above_preferred,23
W06-B130,W06,Ward 6,32244.6268416045,3.22446268416045,10000,222.446268416045,above_preferred,24
W06-B131,W06,Ward 6,32043.51734195945,3.204351734195945,10000,220.4351734195945,above_preferred,1
W06-B132,W06,Ward 6,32029.122829218315,3.2029122829218317,10000,220.29122829218318,above_preferred,35
W06-B133,W06,Ward 6,31868.140596773097,3.18681405967731,10000,218.68140596773097,above_preferred,53
W06-B134,W06,Ward 6,31864.345170182118,3.1864345170182116,10000,218.64345170182116,above_preferred,19
W06-B135,W06,Ward 6,31759.64388880012,3.175964388880012,10000,217.59643888800122,above_preferred,39
W06-B136,W06,Ward 6,31736.740122192925,3.1736740122192924,10000,217.36740122192924,above_preferred,0
W06-B137,W06,Ward 6,31638.901146657605,3.1638901146657603,10000,216.38901146657602,above_preferred,11
W06-B138,W06,Ward 6,31638.901146657605,3.1638901146657603,10000,216.38901146657602,above_preferred,12
W06-B139,W06,Ward 6,31285.863210883508,3.128586321088351,10000,212.85863210883508,above_preferred,21
W06-B140,W06,Ward 6,31200.56144881047,3.120056144881047,10000,212.0056144881047,above_preferred,18
W06-B141,W06,Ward 6,31032.628050546366,3.1032628050546367,10000,210.32628050546367,above_preferred,10
W06-B142,W06,Ward 6,31014.604817644587,3.101460481764459,10000,210.1460481764459,above_preferred,28
W06-B143,W06,Ward 6,31013.25764060818,3.101325764060818,10000,210.1325764060818,above_preferred,0
W06-B144,W06,Ward 6,31003.350639194145,3.1003350639194145,10000,210.03350639194144,above_preferred,27
W06-B145,W06,Ward 6,30855.876164375546,3.0855876164375546,10000,208.55876164375547,above_preferred,0
W06-B146,W06,Ward 6,30854.802925438424,3.0854802925438425,10000,208.54802925438426,above_preferred,0
W06-B147,W06,Ward 6,30804.08065201727,3.080408065201727,10000,208.04080652017268,above_preferred,27
W06-B148,W06,Ward 6,30743.703045505463,3.074370304550546,10000,207.4370304550546,above_preferred,24
W06-B149,W06,Ward 6,30589.35145191543,3.058935145191543,10000,205.8935145191543,above_preferred,32
W06-B150,W06,Ward 6,30520.776212028737,3.0520776212028737,10000,205.20776212028738,above_preferred,27
W06-B151,W06,Ward 6,30379.362503465225,3.0379362503465224,10000,203.79362503465222,above_preferred,21
W06-B152,W06,Ward 6,30352.250235999156,3.0352250235999154,10000,203.52250235999153,above_preferred,4
W06-B153,W06,Ward 6,30141.372721150692,3.014137272115069,10000,201.4137272115069,above_preferred,2
W06-B154,W06,Ward 6,30085.87209959996,3.008587209959996,10000,200.8587209959996,above_preferred,0
W06-B155,W06,Ward 6,30005.155751731654,3.0005155751731656,10000,200.05155751731655,above_preferred,15
W06-B156,W06,Ward 6,30005.155751727052,3.000515575172705,10000,200.0515575172705,above_preferred,6
W06-B157,W06,Ward 6,30005.15575171787,3.000515575171787,10000,200.0515575171787,above_preferred,5
W06-B158,W06,Ward 6,30005.15575171787,3.000515575171787,10000,200.0515575171787,above_preferred,7
W06-B159,W06,Ward 6,29986.966753272005,2.9986966753272006,10000,199.86966753272006,above_preferred,0
W06-B160,W06,Ward 6,29986.966753272005,2.9986966753272006,10000,199.86966753272006,above_preferred,5
W06-B161,W06,Ward 6,29986.966753272005,2.9986966753272006,10000,199.86966753272006,above_preferred,5
W06-B162,W06,Ward 6,29899.01792810905,2.989901792810905,10000,198.99017928109052,above_preferred,27
W06-B163,W06,Ward 6,29823.9770371463,2.98239770371463,10000,198.23977037146298,above_preferred,7
W06-B164,W06,Ward 6,29823.9770371463,2.98239770371463,10000,198.23977037146298,above_preferred,4
W06-B165,W06,Ward 6,29823.977037121935,2.9823977037121936,10000,198.23977037121935,above_preferred,4
W06-B166,W06,Ward 6,29823.977037121935,2.9823977037121936,10000,198.23977037121935,above_preferred,0
W06-B167,W06,Ward 6,29752.309535452052,2.9752309535452053,10000,197.52309535452054,above_preferred,23
W06-B168,W06,Ward 6,29705.104194217478,2.970510419421748,10000,197.0510419421748,above_preferred,12
W06-B169,W06,Ward 6,29636.738955846533,2.963673895584653,10000,196.3673895584653,above_preferred,6
W06-B170,W06,Ward 6,29625.4045177888,2.96254045177888,10000,196.25404517788797,above_preferred,21
W06-B171,W06,Ward 6,29587.95460341743,2.9587954603417432,10000,195.87954603417433,above_preferred,3
W06-B172,W06,Ward 6,29525.737266763674,2.952573726676367,10000,195.25737266763673,above_preferred,9
W06-B173,W06,Ward 6,29324.788008758394,2.9324788008758396,10000,193.24788008758395,above_preferred,17
W06-B174,W06,Ward 6,29279.89591377373,2.927989591377373,10000,192.7989591377373,above_preferred,10
W06-B175,W06,Ward 6,29265.35959549444,2.926535959549444,10000,192.65359595494436,above_preferred,47
W06-B176,W06,Ward 6,29181.09967078821,2.9181099670788213,10000,191.81099670788214,above_preferred,10
W06-B177,W06,Ward 6,28802.330703273707,2.8802330703273706,10000,188.02330703273705,above_preferred,18
W06-B178,W06,Ward 6,28797.64865567354,2.879764865567354,10000,187.9764865567354,above_preferred,55
W06-B179,W06,Ward 6,28724.12466183953,2.872412466183953,10000,187.2412466183953,above_preferred,15
W06-B180,W06,Ward 6,28601.165589570574,2.860116558957057,10000,186.01165589570573,above_preferred,5
W06-B181,W06,Ward 6,28540.406072470927,2.8540406072470925,10000,185.40406072470924,above_preferred,0
W06-B182,W06,Ward 6,28368.643498502537,2.836864349850254,10000,183.6864349850254,above_preferred,40
W06-B183,W06,Ward 6,28356.702398139132,2.835670239813913,10000,183.56702398139132,above_preferred,22
W06-B184,W06,Ward 6,28224.285777768917,2.8224285777768916,10000,182.24285777768915,above_preferred,22
W06-B185,W06,Ward 6,28220.596218144856,2.8220596218144856,10000,182.20596218144857,above_preferred,9
W06-B186,W06,Ward 6,28137.833940772234,2.813783394077223,10000,181.3783394077223,above_preferred,32
W06-B187,W06,Ward 6,28115.828793840097,2.8115828793840096,10000,181.15828793840097,above_preferred,18
W06-B188,W06,Ward 6,28054.44885233093,2.805444885233093,10000,180.5444885233093,above_preferred,10
W06-B189,W06,Ward 6,27934.47577910181,2.793447577910181,10000,179.3447577910181,above_preferred,3
W06-B190,W06,Ward 6,27934.47577910181,2.793447577910181,10000,179.3447577910181,above_preferred,2
W06-B191,W06,Ward 6,27922.739316394785,2.7922739316394787,10000,179.22739316394788,above_preferred,12
W06-B192,W06,Ward 6,27868.90503177723,2.786890503177723,10000,178.6890503177723,above_preferred,9
W06-B193,W06,Ward 6,27859.42361629585,2.7859423616295853,10000,178.59423616295854,above_preferred,4
W06-B194,W06,Ward 6,27664.396794590928,2.7664396794590926,10000,176.64396794590925,above_preferred,19
W06-B195,W06,Ward 6,27487.720564473937,2.7487720564473936,10000,174.87720564473938,above_preferred,0
W06-B196,W06,Ward 6,27468.304514450872,2.746830451445087,10000,174.68304514450872,above_preferred,0
W06-B197,W06,Ward 6,27282.113117361765,2.7282113117361764,10000,172.82113117361763,above_preferred,8
W06-B198,W06,Ward 6,27282.113117361765,2.7282113117361764,10000,172.82113117361763,above_preferred,14
W06-B199,W06,Ward 6,27282.113117361765,2.7282113117361764,10000,172.82113117361763,above_preferred,13
W06-B200,W06,Ward 6,27282.113117361765,2.7282113117361764,10000,172.82113117361763,above_preferred,12
W06-B201,W06,Ward 6,27282.113117361765,2.7282113117361764,10000,172.82113117361763,above_preferred,4
W06-B202,W06,Ward 6,27282.11311736177,2.728211311736177,10000,172.8211311736177,above_preferred,4
W06-B203,W06,Ward 6,27282.113117345427,2.7282113117345426,10000,172.82113117345426,above_preferred,1
W06-B204,W06,Ward 6,27282.113117345427,2.7282113117345426,10000,172.82113117345426,above_preferred,4
W06-B205,W06,Ward 6,27277.41431975589,2.727741431975589,10000,172.7741431975589,above_preferred,4
W06-B206,W06,Ward 6,27277.414319747546,2.7277414319747546,10000,172.77414319747547,above_preferred,5
W06-B207,W06,Ward 6,27277.414319747546,2.7277414319747546,10000,172.77414319747547,above_preferred,6
W06-B208,W06,Ward 6,27277.414319747546,2.7277414319747546,10000,172.77414319747547,above_preferred,16
W06-B209,W06,Ward 6,27277.414319747546,2.7277414319747546,10000,172.77414319747547,above_preferred,3
W06-B210,W06,Ward 6,27211.477804587812,2.7211477804587814,10000,172.11477804587813,above_preferred,18
W06-B211,W06,Ward 6,27170.745587792553,2.7170745587792555,10000,171.70745587792555,above_preferred,31
W06-B212,W06,Ward 6,26818.472879215195,2.6818472879215194,10000,168.18472879215193,above_preferred,52
W06-B213,W06,Ward 6,26654.855507832533,2.6654855507832536,10000,166.54855507832536,above_preferred,12
W06-B214,W06,Ward 6,26330.154351805053,2.6330154351805053,10000,163.30154351805052,above_preferred,10
W06-B215,W06,Ward 6,26294.79034852484,2.629479034852484,10000,162.9479034852484,above_preferred,40
W06-B216,W06,Ward 6,26217.42327979309,2.621742327979309,10000,162.17423279793087,above_preferred,10
W06-B217,W06,Ward 6,26078.296522820892,2.6078296522820894,10000,160.78296522820895,above_preferred,3
W06-B218,W06,Ward 6,26053.6692649041,2.60536692649041,10000,160.536692649041,above_preferred,11
W06-B219,W06,Ward 6,25976.351798577944,2.5976351798577944,10000,159.76351798577943,above_preferred,29
W06-B220,W06,Ward 6,25886.37366546485,2.588637366546485,10000,158.8637366546485,above_preferred,8
W06-B221,W06,Ward 6,25886.37366546485,2.588637366546485,10000,158.8637366546485,above_preferred,16
W06-B222,W06,Ward 6,25860.460771633745,2.5860460771633744,10000,158.60460771633745,above_preferred,60
W06-B223,W06,Ward 6,25690.584010895054,2.5690584010895052,10000,156.9058401089505,above_preferred,17
W06-B224,W06,Ward 6,25652.364316076848,2.5652364316076848,10000,156.52364316076847,above_preferred,28
W06-B225,W06,Ward 6,25394.97798100896,2.539497798100896,10000,153.94977981008958,above_preferred,1
W06-B226,W06,Ward 6,25394.97798100896,2.539497798100896,10000,153.94977981008958,above_preferred,0
W06-B227,W06,Ward 6,25394.97798100896,2.539497798100896,10000,153.94977981008958,above_preferred,11
W06-B228,W06,Ward 6,25394.97798100896,2.539497798100896,10000,153.94977981008958,above_preferred,3
W06-B229,W06,Ward 6,25382.09101531131,2.538209101531131,10000,153.82091015311312,above_preferred,30
W06-B230,W06,Ward 6,25321.713748693197,2.5321713748693195,10000,153.21713748693196,above_preferred,2
W06-B231,W06,Ward 6,25321.713748693197,2.5321713748693195,10000,153.21713748693196,above_preferred,0
W06-B232,W06,Ward 6,25193.703661691052,2.519370366169105,10000,151.93703661691052,above_preferred,18
W06-B233,W06,Ward 6,25137.884688228394,2.5137884688228396,10000,151.37884688228397,above_preferred,22
W06-B234,W06,Ward 6,25097.969637697985,2.5097969637697983,10000,150.97969637697983,above_preferred,12
W06-B235,W06,Ward 6,25092.226541401273,2.5092226541401272,10000,150.9222654140127,above_preferred,28
W06-B236,W06,Ward 6,25073.14811961002,2.507314811961002,10000,150.7314811961002,above_preferred,9
W06-B237,W06,Ward 6,25013.44112901389,2.5013441129013887,10000,150.13441129013887,above_preferred,20
W06-B238,W06,Ward 6,24802.196730737283,2.4802196730737283,10000,148.02196730737282,above_preferred,34
W06-B239,W06,Ward 6,24745.911023428525,2.4745911023428526,10000,147.45911023428528,above_preferred,21
W06-B240,W06,Ward 6,24549.672887778634,2.4549672887778633,10000,145.49672887778632,above_preferred,7
W06-B241,W06,Ward 6,24534.049954838014,2.4534049954838015,10000,145.34049954838017,above_preferred,47
W06-B242,W06,Ward 6,24528.955874353644,2.452895587435364,10000,145.28955874353642,above_preferred,35
W06-B243,W06,Ward 6,24471.52312163045,2.4471523121630447,10000,144.71523121630446,above_preferred,29
W06-B244,W06,Ward 6,24401.435757665153,2.4401435757665153,10000,144.01435757665152,above_preferred,1
W06-B245,W06,Ward 6,24401.435757665153,2.4401435757665153,10000,144.01435757665152,above_preferred,5
W06-B246,W06,Ward 6,24376.736889827665,2.4376736889827666,10000,143.76736889827666,above_preferred,23
W06-B247,W06,Ward 6,24342.79871083927,2.434279871083927,10000,143.4279871083927,above_preferred,10
W06-B248,W06,Ward 6,24258.49154448231,2.425849154448231,10000,142.5849154448231,above_preferred,16
W06-B249,W06,Ward 6,24073.52783943408,2.407352783943408,10000,140.73527839434078,above_preferred,19
W06-B250,W06,Ward 6,24056.758749753702,2.4056758749753704,10000,140.56758749753703,above_preferred,24
W06-B251,W06,Ward 6,24006.043801111275,2.4006043801111274,10000,140.06043801111275,above_preferred,26
W06-B252,W06,Ward 6,23999.79974036009,2.399979974036009,10000,139.9979974036009,above_preferred,65
W06-B253,W06,Ward 6,23939.283910774928,2.393928391077493,10000,139.3928391077493,above_preferred,4
W06-B254,W06,Ward 6,23835.53559531625,2.383553559531625,10000,138.3553559531625,above_preferred,9
W06-B255,W06,Ward 6,23728.56855519344,2.372856855519344,10000,137.2856855519344,above_preferred,6
W06-B256,W06,Ward 6,23694.645677717792,2.369464567771779,10000,136.94645677717793,above_preferred,4
W06-B257,W06,Ward 6,23694.50543192448,2.369450543192448,10000,136.9450543192448,above_preferred,19
W06-B258,W06,Ward 6,23654.047728993188,2.3654047728993186,10000,136.54047728993186,above_preferred,5
W06-B259,W06,Ward 6,23631.281062661346,2.3631281062661347,10000,136.31281062661347,above_preferred,14
W06-B260,W06,Ward 6,23631.28106264333,2.363128106264333,10000,136.3128106264333,above_preferred,4
W06-B261,W06,Ward 6,23631.28106264333,2.363128106264333,10000,136.3128106264333,above_preferred,14
W06-B262,W06,Ward 6,23594.880093028674,2.3594880093028676,10000,135.94880093028675,above_preferred,21
W06-B263,W06,Ward 6,23299.25712330603,2.329925712330603,10000,132.99257123306032,above_preferred,14
W06-B264,W06,Ward 6,23165.19463193849,2.316519463193849,10000,131.6519463193849,above_preferred,25
W06-B265,W06,Ward 6,23165.19463193082,2.316519463193082,10000,131.65194631930822,above_preferred,27
W06-B266,W06,Ward 6,23165.19463193082,2.316519463193082,10000,131.65194631930822,above_preferred,11
W06-B267,W06,Ward 6,23165.19463193082,2.316519463193082,10000,131.65194631930822,above_preferred,28
W06-B268,W06,Ward 6,23165.19463193082,2.316519463193082,10000,131.65194631930822,above_preferred,13
W06-B269,W06,Ward 6,23075.849643031946,2.3075849643031945,10000,130.75849643031944,above_preferred,0
W06-B270,W06,Ward 6,23027.24384303955,2.302724384303955,10000,130.27243843039548,above_preferred,15
W06-B271,W06,Ward 6,23024.457329680183,2.3024457329680184,10000,130.24457329680183,above_preferred,24
W06-B272,W06,Ward 6,22855.480182892337,2.2855480182892336,10000,128.55480182892336,above_preferred,0
W06-B273,W06,Ward 6,22678.94250758322,2.2678942507583217,10000,126.78942507583217,above_preferred,14
W06-B274,W06,Ward 6,22611.76073301865,2.2611760733018653,10000,126.11760733018653,above_preferred,16
W06-B275,W06,Ward 6,22600.789193187204,2.2600789193187203,10000,126.00789193187202,above_preferred,9
W06-B276,W06,Ward 6,22567.642255674436,2.256764225567444,10000,125.67642255674438,above_preferred,2
W06-B277,W06,Ward 6,22400.22490918901,2.2400224909189013,10000,124.00224909189012,above_preferred,26
W06-B278,W06,Ward 6,22394.02653340152,2.239402653340152,10000,123.94026533401518,above_preferred,20
W06-B279,W06,Ward 6,22387.81382688783,2.238781382688783,10000,123.87813826887827,above_preferred,21
W06-B280,W06,Ward 6,21907.680145464645,2.1907680145464643,10000,119.07680145464643,above_preferred,13
W06-B281,W06,Ward 6,21738.836210863352,2.1738836210863353,10000,117.38836210863353,above_preferred,8
W06-B282,W06,Ward 6,21669.411371702125,2.1669411371702125,10000,116.69411371702125,above_preferred,16
W06-B283,W06,Ward 6,21627.539664411404,2.1627539664411404,10000,116.27539664411404,above_preferred,18
W06-B284,W06,Ward 6,21548.786907164897,2.15487869071649,10000,115.48786907164899,above_preferred,26
W06-B285,W06,Ward 6,21346.65655667494,2.134665655667494,10000,113.46656556674941,above_preferred,8
W06-B286,W06,Ward 6,21302.003230999413,2.1302003230999413,10000,113.02003230999414,above_preferred,27
W06-B287,W06,Ward 6,20922.60058400343,2.0922600584003432,10000,109.22600584003432,above_preferred,0
W06-B288,W06,Ward 6,20777.709257178965,2.0777709257178967,10000,107.77709257178967,above_preferred,0
W06-B289,W06,Ward 6,20777.709257178965,2.0777709257178967,10000,107.77709257178967,above_preferred,1
W06-B290,W06,Ward 6,20777.709257178965,2.0777709257178967,10000,107.77709257178967,above_preferred,5
W06-B291,W06,Ward 6,20777.709257178965,2.0777709257178967,10000,107.77709257178967,above_preferred,1
W06-B292,W06,Ward 6,20717.76579438082,2.071776579438082,10000,107.17765794380819,above_preferred,0
W06-B293,W06,Ward 6,20579.26178578617,2.057926178578617,10000,105.7926178578617,above_preferred,14
W06-B294,W06,Ward 6,20551.0339808011,2.05510339808011,10000,105.51033980801101,above_preferred,25
W06-B295,W06,Ward 6,20481.711136340175,2.0481711136340173,10000,104.81711136340172,above_preferred,7
W06-B296,W06,Ward 6,20073.78337661731,2.007378337661731,10000,100.73783376617311,above_preferred,20
W06-B297,W06,Ward 6,20067.80323924007,2.006780323924007,10000,100.67803239240072,above_preferred,2
W06-B298,W06,Ward 6,19918.66332601467,1.991866332601467,10000,99.18663326014669,above_preferred,8
W06-B299,W06,Ward 6,19754.24752248457,1.975424752248457,10000,97.54247522484569,above_preferred,23
W06-B300,W06,Ward 6,19703.319889209724,1.9703319889209725,10000,97.03319889209725,above_preferred,19
W06-B301,W06,Ward 6,19534.164685159103,1.9534164685159103,10000,95.34164685159104,above_preferred,5
W06-B302,W06,Ward 6,19401.64553351503,1.940164553351503,10000,94.01645533515031,above_preferred,2
W06-B303,W06,Ward 6,19353.311778265488,1.9353311778265487,10000,93.53311778265487,above_preferred,8
W06-B304,W06,Ward 6,19347.097058713003,1.9347097058713003,10000,93.47097058713003,above_preferred,23
W06-B305,W06,Ward 6,19334.684505814635,1.9334684505814634,10000,93.34684505814634,above_preferred,15
W06-B306,W06,Ward 6,19334.684505799898,1.9334684505799897,10000,93.34684505799898,above_preferred,15
W06-B307,W06,Ward 6,19334.684505799898,1.9334684505799897,10000,93.34684505799898,above_preferred,17
W06-B308,W06,Ward 6,19299.557562266098,1.9299557562266099,10000,92.995575622661,above_preferred,12
W06-B309,W06,Ward 6,19063.02855543513,1.9063028555435129,10000,90.63028555435129,above_preferred,4
W06-B310,W06,Ward 6,19062.621220612924,1.9062621220612923,10000,90.62621220612922,above_preferred,18
W06-B311,W06,Ward 6,19044.517329980266,1.9044517329980266,10000,90.44517329980266,above_preferred,14
W06-B312,W06,Ward 6,18974.231033039036,1.8974231033039035,10000,89.74231033039035,above_preferred,0
W06-B313,W06,Ward 6,18953.34106249699,1.8953341062496991,10000,89.53341062496992,above_preferred,15
W06-B314,W06,Ward 6,18953.341062490712,1.8953341062490712,10000,89.53341062490712,above_preferred,29
W06-B315,W06,Ward 6,18953.341062490712,1.8953341062490712,10000,89.53341062490712,above_preferred,14
W06-B316,W06,Ward 6,18953.341062470256,1.8953341062470255,10000,89.53341062470255,above_preferred,15
W06-B317,W06,Ward 6,18953.341062470256,1.8953341062470255,10000,89.53341062470255,above_preferred,12
W06-B318,W06,Ward 6,18878.72561097712,1.8878725610977118,10000,88.78725610977118,above_preferred,13
W06-B319,W06,Ward 6,18555.49841530355,1.855549841530355,10000,85.5549841530355,above_preferred,9
W06-B320,W06,Ward 6,18500.531508826476,1.8500531508826477,10000,85.00531508826477,above_preferred,6
W06-B321,W06,Ward 6,18263.631515416782,1.8263631515416783,10000,82.63631515416783,above_preferred,13
W06-B322,W06,Ward 6,18005.219134795643,1.8005219134795643,10000,80.05219134795642,above_preferred,33
W06-B323,W06,Ward 6,17998.324148012824,1.7998324148012823,10000,79.98324148012823,above_preferred,19
W06-B324,W06,Ward 6,17938.77528051858,1.7938775280518582,10000,79.38775280518581,above_preferred,16
W06-B325,W06,Ward 6,17899.959230760254,1.7899959230760254,10000,78.99959230760254,above_preferred,0
W06-B326,W06,Ward 6,17690.336121180928,1.7690336121180927,10000,76.90336121180927,above_preferred,11
W06-B327,W06,Ward 6,17423.280123410623,1.7423280123410623,10000,74.23280123410623,above_preferred,16
W06-B328,W06,Ward 6,17198.32744025505,1.7198327440255048,10000,71.98327440255048,above_preferred,18
W06-B329,W06,Ward 6,16903.340359632548,1.6903340359632548,10000,69.03340359632548,above_preferred,12
W06-B330,W06,Ward 6,16744.333352296322,1.6744333352296321,10000,67.44333352296321,above_preferred,16
W06-B331,W06,Ward 6,16727.65724137147,1.6727657241371472,10000,67.27657241371472,above_preferred,9
W06-B332,W06,Ward 6,16536.7337952727,1.65367337952727,10000,65.367337952727,above_preferred,0
W06-B333,W06,Ward 6,16424.241774855593,1.6424241774855592,10000,64.24241774855592,above_preferred,19
W06-B334,W06,Ward 6,16114.43620634823,1.611443620634823,10000,61.144362063482305,above_preferred,7
W06-B335,W06,Ward 6,15702.66955714366,1.570266955714366,10000,57.026695571436605,above_preferred,27
W06-B336,W06,Ward 6,15542.218336152448,1.5542218336152447,10000,55.42218336152447,above_preferred,17
W06-B337,W06,Ward 6,15492.96502679456,1.549296502679456,10000,54.929650267945604,above_preferred,1
W06-B338,W06,Ward 6,15245.264302840194,1.5245264302840194,10000,52.45264302840194,above_preferred,12
W06-B339,W06,Ward 6,15054.88071016763,1.505488071016763,10000,50.54880710167631,above_preferred,0
W06-B340,W06,Ward 6,14855.641616029248,1.485564161602925,10000,48.55641616029249,above_preferred,18
W06-B341,W06,Ward 6,14841.251420590417,1.4841251420590418,10000,48.41251420590418,above_preferred,28
W06-B342,W06,Ward 6,14734.206186390846,1.4734206186390846,10000,47.342061863908455,above_preferred,41
W06-B343,W06,Ward 6,14201.195445799945,1.4201195445799946,10000,42.01195445799946,above_preferred,6
W06-B344,W06,Ward 6,14069.8631928879,1.4069863192887901,10000,40.69863192887902,above_preferred,12
W06-B345,W06,Ward 6,13216.18183740262,1.321618183740262,10000,32.16181837402621,above_preferred,8
W06-B346,W06,Ward 6,13190.58172545982,1.319058172545982,10000,31.9058172545982,above_preferred,11
W06-B347,W06,Ward 6,12911.787738028408,1.2911787738028409,10000,29.117877380284085,above_preferred,0
W06-B348,W06,Ward 6,12738.176524662198,1.2738176524662197,10000,27.38176524662197,above_preferred,15
W06-B349,W06,Ward 6,12609.686873377097,1.2609686873377097,10000,26.09686873377097,above_preferred,4
W06-B350,W06,Ward 6,12581.041564017298,1.2581041564017297,10000,25.81041564017297,above_preferred,4
W06-B351,W06,Ward 6,12338.607332493013,1.2338607332493012,10000,23.386073324930123,above_preferred,4
W06-B352,W06,Ward 6,12144.059143025524,1.2144059143025525,10000,21.440591430255253,above_preferred,20
W06-B353,W06,Ward 6,12132.98561173631,1.213298561173631,10000,21.32985611736311,above_preferred,8
W06-B354,W06,Ward 6,12079.140094302305,1.2079140094302305,10000,20.791400943023053,above_preferred,10
W06-B355,W06,Ward 6,11700.509440346113,1.1700509440346114,10000,17.00509440346114,within_preferred,6
W06-B356,W06,Ward 6,11489.235574071274,1.1489235574071275,10000,14.892355740712748,within_preferred,1
W06-B357,W06,Ward 6,11293.256605481796,1.1293256605481796,10000,12.932566054817961,within_preferred,10
W06-B358,W06,Ward 6,11049.365188440039,1.104936518844004,10000,10.49365188440039,within_preferred,14
W06-B359,W06,Ward 6,10955.997209431316,1.0955997209431316,10000,9.559972094313164,within_preferred,42
W06-B360,W06,Ward 6,10814.402065662285,1.0814402065662285,10000,8.144020656622853,within_preferred,1
W06-B361,W06,Ward 6,10522.497682355124,1.0522497682355125,10000,5.224976823551253,within_preferred,8
W06-B362,W06,Ward 6,10477.2897149643,1.04772897149643,10000,4.772897149642996,within_preferred,8
W06-B363,W06,Ward 6,10412.84843849135,1.041284843849135,10000,4.128484384913489,within_preferred,20
W06-B364,W06,Ward 6,10295.731886901733,1.0295731886901733,10000,2.9573188690173335,within_preferred,10
W06-B365,W06,Ward 6,10111.32256764771,1.0111322567647711,10000,1.1132256764771142,within_preferred,11
W06-B366,W06,Ward 6,9927.370780953534,0.9927370780953534,10000,-0.7262921904646613,within_preferred,5
W06-B367,W06,Ward 6,9873.69319880357,0.987369319880357,10000,-1.2630680119642967,within_preferred,30
W06-B368,W06,Ward 6,9793.552904559174,0.9793552904559174,10000,-2.0644709544082596,within_preferred,11
W06-B369,W06,Ward 6,9782.482126138782,0.9782482126138783,10000,-2.1751787386121713,within_preferred,10
W06-B370,W06,Ward 6,9750.382865889425,0.9750382865889425,10000,-2.4961713411057462,within_preferred,10
W06-B371,W06,Ward 6,9596.571983462603,0.9596571983462603,10000,-4.034280165373971,within_preferred,5
W06-B372,W06,Ward 6,9429.739798872633,0.9429739798872634,10000,-5.702602011273661,within_preferred,11
W06-B373,W06,Ward 6,9381.826947722904,0.9381826947722904,10000,-6.181730522770956,within_preferred,8
W06-B374,W06,Ward 6,8891.650939105357,0.8891650939105357,10000,-11.083490608946434,within_preferred,10
W06-B375,W06,Ward 6,8702.71535244272,0.8702715352442719,10000,-12.972846475572808,within_preferred,5
W06-B376,W06,Ward 6,8463.482897402428,0.8463482897402428,10000,-15.365171025975721,within_preferred,3
W06-B377,W06,Ward 6,8310.553914780203,0.8310553914780203,10000,-16.894460852197966,within_preferred,5
W06-B378,W06,Ward 6,8245.201368076945,0.8245201368076945,10000,-17.547986319230546,within_preferred,8
W06-B379,W06,Ward 6,8230.198673873092,0.8230198673873093,10000,-17.698013261269075,within_preferred,6
W06-B380,W06,Ward 6,7149.192081844737,0.7149192081844737,10000,-28.508079181552624,below_preferred,4
W06-B381,W06,Ward 6,6706.038020028569,0.6706038020028569,10000,-32.939619799714315,below_preferred,8
W06-B382,W06,Ward 6,6655.488010436315,0.6655488010436315,10000,-33.44511989563686,below_preferred,3
W06-B383,W06,Ward 6,6116.961551375909,0.6116961551375909,10000,-38.83038448624091,below_preferred,6
W06-B384,W06,Ward 6,6042.6784285010235,0.6042678428501024,10000,-39.573215714989765,below_preferred,9
W06-B385,W06,Ward 6,5447.452386785499,0.5447452386785498,10000,-45.525476132145016,below_preferred,4
W06-B386,W06,Ward 6,5036.070201238946,0.5036070201238946,10000,-49.63929798761054,below_preferred,6
W06-B387,W06,Ward 6,4912.932317168317,0.4912932317168317,10000,-50.87067682831683,below_preferred,7
W06-B388,W06,Ward 6,4858.914305527851,0.4858914305527851,10000,-51.410856944721495,below_preferred,7
W06-B389,W06,Ward 6,4440.849961732143,0.4440849961732143,10000,-55.591500382678575,below_preferred,5
W06-B390,W06,Ward 6,3915.8085004995437,0.39158085004995435,10000,-60.841914995004565,below_preferred,6
W06-B391,W06,Ward 6,3860.836575603363,0.3860836575603363,10000,-61.391634243966365,below_preferred,2
W06-B392,W06,Ward 6,3846.0515883070875,0.3846051588307087,10000,-61.53948411692913,below_preferred,0
W06-B393,W06,Ward 6,3461.196557164953,0.3461196557164953,10000,-65.38803442835047,below_preferred,1
W06-B394,W06,Ward 6,2591.375026141357,0.2591375026141357,10000,-74.08624973858643,below_preferred,1
W04-B001,W04,Ward 4,40610.904831928594,4.061090483192859,10000,306.10904831928593,above_preferred,42
W04-B002,W04,Ward 4,40434.004316435356,4.043400431643535,10000,304.3400431643535,above_preferred,45
W04-B003,W04,Ward 4,40434.004316406055,4.043400431640605,10000,304.3400431640605,above_preferred,49
W04-B004,W04,Ward 4,40409.2089537139,4.04092089537139,10000,304.09208953713903,above_preferred,17
W04-B005,W04,Ward 4,40378.90893019748,4.037890893019748,10000,303.7890893019748,above_preferred,0
W04-B006,W04,Ward 4,40313.48867138466,4.031348867138465,10000,303.1348867138465,above_preferred,29
W04-B007,W04,Ward 4,40210.56667374563,4.0210566673745625,10000,302.10566673745626,above_preferred,50
W04-B008,W04,Ward 4,39704.74294220242,3.9704742942202422,10000,297.0474294220242,above_preferred,19
W04-B009,W04,Ward 4,39300.901445790405,3.9300901445790406,10000,293.0090144579041,above_preferred,2
W04-B010,W04,Ward 4,39193.46820741129,3.9193468207411293,10000,291.9346820741129,above_preferred,47
W04-B011,W04,Ward 4,39153.01486731909,3.9153014867319094,10000,291.5301486731909,above_preferred,66
W04-B012,W04,Ward 4,38979.04289216582,3.897904289216582,10000,289.7904289216582,above_preferred,25
W04-B013,W04,Ward 4,38652.40983024431,3.8652409830244308,10000,286.52409830244306,above_preferred,26
W04-B014,W04,Ward 4,38528.06169532308,3.852806169532308,10000,285.2806169532308,above_preferred,18
W04-B015,W04,Ward 4,38528.04668339311,3.8528046683393113,10000,285.28046683393114,above_preferred,30
W04-B016,W04,Ward 4,38474.616619565495,3.8474616619565496,10000,284.74616619565495,above_preferred,30
W04-B017,W04,Ward 4,38395.56134127548,3.839556134127548,10000,283.9556134127548,above_preferred,26
W04-B018,W04,Ward 4,38376.102161617826,3.8376102161617824,10000,283.76102161617825,above_preferred,2
W04-B019,W04,Ward 4,38120.71846150388,3.812071846150388,10000,281.2071846150388,above_preferred,46
W04-B020,W04,Ward 4,37995.06364557885,3.799506364557885,10000,279.95063645578847,above_preferred,33
W04-B021,W04,Ward 4,37935.94033038851,3.7935940330388513,10000,279.35940330388513,above_preferred,37
W04-B022,W04,Ward 4,37625.319574542395,3.7625319574542395,10000,276.25319574542397,above_preferred,0
W04-B023,W04,Ward 4,37197.941361061974,3.7197941361061972,10000,271.9794136106197,above_preferred,0
W04-B024,W04,Ward 4,36957.57379905897,3.695757379905897,10000,269.5757379905897,above_preferred,3
W04-B025,W04,Ward 4,35634.97148350471,3.5634971483504714,10000,256.34971483504717,above_preferred,0
W04-B026,W04,Ward 4,35269.58655195462,3.526958655195462,10000,252.6958655195462,above_preferred,39
W04-B027,W04,Ward 4,35120.56690584614,3.5120566905846142,10000,251.2056690584614,above_preferred,28
W04-B028,W04,Ward 4,34299.77578897989,3.4299775788979887,10000,242.99775788979886,above_preferred,27
W04-B029,W04,Ward 4,34277.22890785705,3.4277228907857045,10000,242.77228907857045,above_preferred,48
W04-B030,W04,Ward 4,34141.686164439416,3.4141686164439418,10000,241.41686164439417,above_preferred,47
W04-B031,W04,Ward 4,34099.67805503802,3.4099678055038023,10000,240.99678055038024,above_preferred,29
W04-B032,W04,Ward 4,33957.31359322938,3.395731359322938,10000,239.5731359322938,above_preferred,14
W04-B033,W04,Ward 4,33724.650720241574,3.3724650720241574,10000,237.24650720241573,above_preferred,41
W04-B034,W04,Ward 4,33680.79382736105,3.368079382736105,10000,236.8079382736105,above_preferred,64
W04-B035,W04,Ward 4,33597.794362789304,3.3597794362789304,10000,235.97794362789304,above_preferred,10
W04-B036,W04,Ward 4,33597.79436277018,3.359779436277018,10000,235.97794362770182,above_preferred,0
W04-B037,W04,Ward 4,33291.613718686225,3.3291613718686226,10000,232.91613718686227,above_preferred,54
W04-B038,W04,Ward 4,33252.90052108683,3.3252900521086826,10000,232.52900521086826,above_preferred,29
W04-B039,W04,Ward 4,33227.10395338691,3.322710395338691,10000,232.2710395338691,above_preferred,26
W04-B040,W04,Ward 4,33070.684500746735,3.3070684500746736,10000,230.70684500746736,above_preferred,0
W04-B041,W04,Ward 4,32997.67583263955,3.299767583263955,10000,229.9767583263955,above_preferred,0
W04-B042,W04,Ward 4,32067.761698629794,3.2067761698629793,10000,220.67761698629792,above_preferred,64
W04-B043,W04,Ward 4,31935.200769296953,3.1935200769296954,10000,219.35200769296955,above_preferred,34
W04-B044,W04,Ward 4,31935.200769286235,3.1935200769286234,10000,219.35200769286234,above_preferred,23
W04-B045,W04,Ward 4,31935.200769286235,3.1935200769286234,10000,219.35200769286234,above_preferred,30
W04-B046,W04,Ward 4,31935.200769286235,3.1935200769286234,10000,219.35200769286234,above_preferred,19
W04-B047,W04,Ward 4,31902.234066857232,3.1902234066857234,10000,219.02234066857233,above_preferred,2
W04-B048,W04,Ward 4,31901.190063093258,3.1901190063093257,10000,219.01190063093256,above_preferred,0
W04-B049,W04,Ward 4,31330.115354465008,3.1330115354465007,10000,213.30115354465008,above_preferred,11
W04-B050,W04,Ward 4,31051.16579178218,3.105116579178218,10000,210.5116579178218,above_preferred,16
W04-B051,W04,Ward 4,31029.882715119384,3.1029882715119386,10000,210.29882715119385,above_preferred,21
W04-B052,W04,Ward 4,30815.265653484654,3.0815265653484656,10000,208.15265653484656,above_preferred,30
W04-B053,W04,Ward 4,30285.93430990284,3.028593430990284,10000,202.85934309902842,above_preferred,20
W04-B054,W04,Ward 4,30238.014926498898,3.02380149264989,10000,202.380149264989,above_preferred,4
W04-B055,W04,Ward 4,30085.208125621946,3.0085208125621947,10000,200.85208125621946,above_preferred,24
W04-B056,W04,Ward 4,30041.319839330972,3.0041319839330973,10000,200.41319839330973,above_preferred,72
W04-B057,W04,Ward 4,29960.31537458466,2.996031537458466,10000,199.6031537458466,above_preferred,28
W04-B058,W04,Ward 4,29819.4993519645,2.98194993519645,10000,198.19499351964498,above_preferred,2
W04-B059,W04,Ward 4,29416.759909765624,2.941675990976562,10000,194.16759909765622,above_preferred,37
W04-B060,W04,Ward 4,29077.07988195942,2.9077079881959422,10000,190.77079881959423,above_preferred,34
W04-B061,W04,Ward 4,28224.117847411468,2.822411784741147,10000,182.2411784741147,above_preferred,12
W04-B062,W04,Ward 4,27547.737971353363,2.754773797135336,10000,175.47737971353362,above_preferred,21
W04-B063,W04,Ward 4,27489.10447864471,2.748910447864471,10000,174.89104478644708,above_preferred,0
W04-B064,W04,Ward 4,27489.104478629066,2.7489104478629067,10000,174.89104478629068,above_preferred,0
W04-B065,W04,Ward 4,27458.014699857868,2.745801469985787,10000,174.5801469985787,above_preferred,0
W04-B066,W04,Ward 4,27305.686155999498,2.7305686155999496,10000,173.05686155999496,above_preferred,9
W04-B067,W04,Ward 4,27299.55269257802,2.729955269257802,10000,172.9955269257802,above_preferred,13
W04-B068,W04,Ward 4,27232.281231077854,2.7232281231077855,10000,172.32281231077854,above_preferred,28
W04-B069,W04,Ward 4,27108.63577453109,2.7108635774531087,10000,171.08635774531086,above_preferred,12
W04-B070,W04,Ward 4,27108.635774511393,2.710863577451139,10000,171.0863577451139,above_preferred,9
W04-B071,W04,Ward 4,26833.43994221367,2.683343994221367,10000,168.33439942213667,above_preferred,37
W04-B072,W04,Ward 4,26433.99948507926,2.643399948507926,10000,164.3399948507926,above_preferred,23
W04-B073,W04,Ward 4,26307.419736407835,2.6307419736407835,10000,163.07419736407834,above_preferred,8
W04-B074,W04,Ward 4,26128.800629435795,2.6128800629435793,10000,161.28800629435793,above_preferred,18
W04-B075,W04,Ward 4,26128.800629427027,2.6128800629427027,10000,161.28800629427028,above_preferred,27
W04-B076,W04,Ward 4,26128.800629427027,2.6128800629427027,10000,161.28800629427028,above_preferred,19
W04-B077,W04,Ward 4,26005.56840826162,2.600556840826162,10000,160.0556840826162,above_preferred,27
W04-B078,W04,Ward 4,25974.440991492284,2.5974440991492282,10000,159.7444099149228,above_preferred,28
W04-B079,W04,Ward 4,25905.000040708208,2.5905000040708206,10000,159.05000040708205,above_preferred,36
W04-B080,W04,Ward 4,25778.785049388953,2.5778785049388953,10000,157.78785049388952,above_preferred,16
W04-B081,W04,Ward 4,25696.3810550378,2.5696381055037802,10000,156.963810550378,above_preferred,17
W04-B082,W04,Ward 4,25471.62746598008,2.547162746598008,10000,154.7162746598008,above_preferred,2
W04-B083,W04,Ward 4,25411.487992712675,2.5411487992712676,10000,154.11487992712676,above_preferred,1
W04-B084,W04,Ward 4,25365.560665129753,2.536556066512975,10000,153.65560665129752,above_preferred,27
W04-B085,W04,Ward 4,25228.118434872707,2.5228118434872706,10000,152.28118434872707,above_preferred,22
W04-B086,W04,Ward 4,25156.44744189359,2.515644744189359,10000,151.5644744189359,above_preferred,28
W04-B087,W04,Ward 4,24566.535095743715,2.4566535095743713,10000,145.66535095743714,above_preferred,29
W04-B088,W04,Ward 4,24566.284333458876,2.4566284333458874,10000,145.66284333458873,above_preferred,26
W04-B089,W04,Ward 4,24412.404904791787,2.4412404904791787,10000,144.12404904791788,above_preferred,0
W04-B090,W04,Ward 4,24284.041620931075,2.4284041620931074,10000,142.84041620931075,above_preferred,18
W04-B091,W04,Ward 4,23863.841015317288,2.386384101531729,10000,138.63841015317288,above_preferred,41
W04-B092,W04,Ward 4,23785.12208773294,2.378512208773294,10000,137.85122087732938,above_preferred,30
W04-B093,W04,Ward 4,23305.680192461048,2.3305680192461047,10000,133.05680192461045,above_preferred,12
W04-B094,W04,Ward 4,23198.889768540652,2.3198889768540654,10000,131.98889768540653,above_preferred,21
W04-B095,W04,Ward 4,23153.262922306472,2.3153262922306475,10000,131.53262922306476,above_preferred,18
W04-B096,W04,Ward 4,23131.845201995842,2.3131845201995844,10000,131.31845201995844,above_preferred,87
W04-B097,W04,Ward 4,23092.460056993677,2.3092460056993676,10000,130.92460056993676,above_preferred,12
W04-B098,W04,Ward 4,23054.08029116188,2.305408029116188,10000,130.5408029116188,above_preferred,23
W04-B099,W04,Ward 4,22814.667578733533,2.2814667578733534,10000,128.14667578733534,above_preferred,14
W04-B100,W04,Ward 4,22179.79290643707,2.217979290643707,10000,121.7979290643707,above_preferred,0
W04-B101,W04,Ward 4,22179.792906420957,2.217979290642096,10000,121.79792906420958,above_preferred,0
W04-B102,W04,Ward 4,21445.244040682734,2.144524404068273,10000,114.45244040682732,above_preferred,55
W04-B103,W04,Ward 4,21342.308527815883,2.1342308527815885,10000,113.42308527815885,above_preferred,21
W04-B104,W04,Ward 4,21093.432141997953,2.109343214199795,10000,110.93432141997953,above_preferred,41
W04-B105,W04,Ward 4,20589.718891995573,2.058971889199557,10000,105.89718891995572,above_preferred,36
W04-B106,W04,Ward 4,20524.970187264986,2.0524970187264984,10000,105.24970187264984,above_preferred,34
W04-B107,W04,Ward 4,20319.35890455716,2.031935890455716,10000,103.19358904557161,above_preferred,27
W04-B108,W04,Ward 4,20166.296389627678,2.0166296389627676,10000,101.66296389627676,above_preferred,0
W04-B109,W04,Ward 4,19973.78583120998,1.9973785831209983,10000,99.73785831209983,above_preferred,0
W04-B110,W04,Ward 4,19749.423996080648,1.9749423996080648,10000,97.49423996080648,above_preferred,19
W04-B111,W04,Ward 4,19453.972148210385,1.9453972148210386,10000,94.53972148210386,above_preferred,51
W04-B112,W04,Ward 4,18943.578754631333,1.8943578754631334,10000,89.43578754631334,above_preferred,16
W04-B113,W04,Ward 4,18700.446761644846,1.8700446761644844,10000,87.00446761644844,above_preferred,19
W04-B114,W04,Ward 4,18478.53319477475,1.847853319477475,10000,84.78533194774751,above_preferred,18
W04-B115,W04,Ward 4,18267.825840486985,1.8267825840486984,10000,82.67825840486984,above_preferred,10
W04-B116,W04,Ward 4,18266.888030846516,1.8266888030846515,10000,82.66888030846515,above_preferred,0
W04-B117,W04,Ward 4,18203.23153748322,1.8203231537483222,10000,82.03231537483222,above_preferred,66
W04-B118,W04,Ward 4,18182.57384547251,1.8182573845472512,10000,81.82573845472511,above_preferred,22
W04-B119,W04,Ward 4,18064.200772501932,1.8064200772501933,10000,80.64200772501933,above_preferred,7
W04-B120,W04,Ward 4,18005.714809632995,1.8005714809632996,10000,80.05714809632995,above_preferred,32
W04-B121,W04,Ward 4,17653.829798014354,1.7653829798014353,10000,76.53829798014354,above_preferred,0
W04-B122,W04,Ward 4,17235.16973123988,1.7235169731239879,10000,72.35169731239878,above_preferred,0
W04-B123,W04,Ward 4,16967.964890109593,1.6967964890109593,10000,69.67964890109593,above_preferred,29
W04-B124,W04,Ward 4,16810.418619903907,1.6810418619903906,10000,68.10418619903906,above_preferred,7
W04-B125,W04,Ward 4,16465.3245115513,1.6465324511551298,10000,64.65324511551299,above_preferred,0
W04-B126,W04,Ward 4,15974.029069245595,1.5974029069245594,10000,59.74029069245594,above_preferred,12
W04-B127,W04,Ward 4,15550.34067078742,1.555034067078742,10000,55.50340670787419,above_preferred,19
W04-B128,W04,Ward 4,14965.900460423265,1.4965900460423265,10000,49.65900460423265,above_preferred,28
W04-B129,W04,Ward 4,14709.25741912585,1.470925741912585,10000,47.09257419125849,above_preferred,1
W04-B130,W04,Ward 4,14233.683608663408,1.4233683608663408,10000,42.33683608663408,above_preferred,23
W04-B131,W04,Ward 4,13916.106650787355,1.3916106650787354,10000,39.16106650787354,above_preferred,0
W04-B132,W04,Ward 4,13469.339515908556,1.3469339515908556,10000,34.69339515908556,above_preferred,0
W04-B133,W04,Ward 4,13458.341845308509,1.3458341845308508,10000,34.58341845308508,above_preferred,14
W04-B134,W04,Ward 4,10853.294264547669,1.0853294264547668,10000,8.532942645476682,within_preferred,26
W04-B135,W04,Ward 4,10440.324599064585,1.0440324599064585,10000,4.403245990645854,within_preferred,24
W04-B136,W04,Ward 4,10383.729650690955,1.0383729650690956,10000,3.83729650690956,within_preferred,42
W04-B137,W04,Ward 4,10107.257109015123,1.0107257109015124,10000,1.072571090151242,within_preferred,8
W04-B138,W04,Ward 4,9148.830833451617,0.9148830833451617,10000,-8.511691665483834,within_preferred,25
W04-B139,W04,Ward 4,9003.08605292503,0.9003086052925029,10000,-9.96913947074971,within_preferred,66
W04-B140,W04,Ward 4,7273.578436679026,0.7273578436679026,10000,-27.264215633209744,below_preferred,28
W04-B141,W04,Ward 4,6153.547584824886,0.6153547584824887,10000,-38.464524151751135,below_preferred,6
W04-B142,W04,Ward 4,2638.192394572142,0.2638192394572142,10000,-73.61807605427857,below_preferred,10
W08-B001,W08,Ward 8,40590.90762848604,4.059090762848604,10000,305.9090762848604,above_preferred,74
W08-B002,W08,Ward 8,40043.683562421465,4.004368356242146,10000,300.4368356242146,above_preferred,42
W08-B003,W08,Ward 8,39954.6562001121,3.9954656200112098,10000,299.54656200112095,above_preferred,33
W08-B004,W08,Ward 8,39922.99069569551,3.992299069569551,10000,299.2299069569551,above_preferred,46
W08-B005,W08,Ward 8,39823.984020600816,3.9823984020600816,10000,298.2398402060082,above_preferred,33
W08-B006,W08,Ward 8,39812.952786134345,3.9812952786134344,10000,298.12952786134343,above_preferred,69
W08-B007,W08,Ward 8,39710.02722300712,3.971002722300712,10000,297.1002722300712,above_preferred,3
W08-B008,W08,Ward 8,39462.51507793723,3.946251507793723,10000,294.6251507793723,above_preferred,7
W08-B009,W08,Ward 8,39450.35498181865,3.945035498181865,10000,294.5035498181865,above_preferred,11
W08-B010,W08,Ward 8,39427.3144363058,3.94273144363058,10000,294.273144363058,above_preferred,41
W08-B011,W08,Ward 8,39310.75666289763,3.931075666289763,10000,293.10756662897626,above_preferred,20
W08-B012,W08,Ward 8,39235.80772183847,3.923580772183847,10000,292.35807721838466,above_preferred,0
W08-B013,W08,Ward 8,39190.81181740969,3.9190811817409688,10000,291.9081181740969,above_preferred,5
W08-B014,W08,Ward 8,39126.877871950484,3.9126877871950483,10000,291.26877871950484,above_preferred,34
W08-B015,W08,Ward 8,38934.13077722317,3.893413077722317,10000,289.3413077722317,above_preferred,0
W08-B016,W08,Ward 8,38717.061468200765,3.8717061468200766,10000,287.1706146820077,above_preferred,6
W08-B017,W08,Ward 8,37859.58088375646,3.7859580883756463,10000,278.5958088375646,above_preferred,9
W08-B018,W08,Ward 8,37594.61929004213,3.759461929004213,10000,275.9461929004213,above_preferred,3
W08-B019,W08,Ward 8,37485.57241276391,3.7485572412763912,10000,274.8557241276391,above_preferred,1
W08-B020,W08,Ward 8,37485.57241276391,3.7485572412763912,10000,274.8557241276391,above_preferred,4
W08-B021,W08,Ward 8,37485.57241274148,3.748557241274148,10000,274.8557241274148,above_preferred,20
W08-B022,W08,Ward 8,37485.57241274148,3.748557241274148,10000,274.8557241274148,above_preferred,14
W08-B023,W08,Ward 8,37485.57241274148,3.748557241274148,10000,274.8557241274148,above_preferred,19
W08-B024,W08,Ward 8,37485.57241274148,3.748557241274148,10000,274.8557241274148,above_preferred,25
W08-B025,W08,Ward 8,37485.57241274148,3.748557241274148,10000,274.8557241274148,above_preferred,18
W08-B026,W08,Ward 8,37485.57241274148,3.748557241274148,10000,274.8557241274148,above_preferred,11
W08-B027,W08,Ward 8,37110.716688632005,3.7110716688632004,10000,271.10716688632004,above_preferred,7
W08-B028,W08,Ward 8,37110.71668862079,3.711071668862079,10000,271.1071668862079,above_preferred,1
W08-B029,W08,Ward 8,36616.763516918945,3.6616763516918946,10000,266.16763516918945,above_preferred,11
W08-B030,W08,Ward 8,35929.0488564107,3.59290488564107,10000,259.290488564107,above_preferred,30
W08-B031,W08,Ward 8,35835.70825534982,3.5835708255349816,10000,258.3570825534982,above_preferred,46
W08-B032,W08,Ward 8,35605.80636787985,3.560580636787985,10000,256.0580636787985,above_preferred,59
W08-B033,W08,Ward 8,35351.98882114828,3.535198882114828,10000,253.51988821148282,above_preferred,21
W08-B034,W08,Ward 8,35285.93077532038,3.5285930775320384,10000,252.85930775320384,above_preferred,4
W08-B035,W08,Ward 8,35160.58981384241,3.516058981384241,10000,251.60589813842412,above_preferred,46
W08-B036,W08,Ward 8,35085.1065750984,3.5085106575098397,10000,250.85106575098396,above_preferred,0
W08-B037,W08,Ward 8,34818.9516276127,3.4818951627612704,10000,248.18951627612705,above_preferred,34
W08-B038,W08,Ward 8,34728.81255388879,3.472881255388879,10000,247.2881255388879,above_preferred,6
W08-B039,W08,Ward 8,34716.6091858318,3.47166091858318,10000,247.16609185831803,above_preferred,50
W08-B040,W08,Ward 8,34512.69491293926,3.451269491293926,10000,245.12694912939259,above_preferred,46
W08-B041,W08,Ward 8,34498.2546286154,3.4498254628615403,10000,244.98254628615405,above_preferred,11
W08-B042,W08,Ward 8,34417.800803415514,3.4417800803415513,10000,244.1780080341551,above_preferred,1
W08-B043,W08,Ward 8,34417.800803415514,3.4417800803415513,10000,244.1780080341551,above_preferred,3
W08-B044,W08,Ward 8,33975.688921119996,3.3975688921119995,10000,239.75688921119996,above_preferred,41
W08-B045,W08,Ward 8,32735.6507290089,3.27356507290089,10000,227.35650729008898,above_preferred,60
W08-B046,W08,Ward 8,32479.070993469948,3.2479070993469947,10000,224.79070993469946,above_preferred,8
W08-B047,W08,Ward 8,32368.91487990703,3.2368914879907034,10000,223.68914879907032,above_preferred,62
W08-B048,W08,Ward 8,32368.91487990703,3.2368914879907034,10000,223.68914879907032,above_preferred,39
W08-B049,W08,Ward 8,32078.1188866598,3.20781188866598,10000,220.781188866598,above_preferred,5
W08-B050,W08,Ward 8,32078.118886640284,3.2078118886640286,10000,220.78118886640286,above_preferred,16
W08-B051,W08,Ward 8,32023.916362266635,3.2023916362266633,10000,220.23916362266633,above_preferred,12
W08-B052,W08,Ward 8,31884.136916169726,3.1884136916169727,10000,218.8413691616973,above_preferred,23
W08-B053,W08,Ward 8,31464.14898239904,3.1464148982399043,10000,214.64148982399044,above_preferred,52
W08-B054,W08,Ward 8,31464.14898239904,3.1464148982399043,10000,214.64148982399044,above_preferred,34
W08-B055,W08,Ward 8,31007.695920331396,3.1007695920331395,10000,210.07695920331395,above_preferred,0
W08-B056,W08,Ward 8,30670.013792265498,3.0670013792265496,10000,206.70013792265496,above_preferred,2
W08-B057,W08,Ward 8,30670.013792265498,3.0670013792265496,10000,206.70013792265496,above_preferred,1
W08-B058,W08,Ward 8,30670.013792247148,3.0670013792247146,10000,206.70013792247147,above_preferred,4
W08-B059,W08,Ward 8,30670.013792247148,3.0670013792247146,10000,206.70013792247147,above_preferred,16
W08-B060,W08,Ward 8,30670.013792247148,3.0670013792247146,10000,206.70013792247147,above_preferred,9
W08-B061,W08,Ward 8,30670.013792247144,3.0670013792247146,10000,206.70013792247147,above_preferred,10
W08-B062,W08,Ward 8,30670.013792247148,3.0670013792247146,10000,206.70013792247147,above_preferred,7
W08-B063,W08,Ward 8,30670.013792247148,3.0670013792247146,10000,206.70013792247147,above_preferred,1
W08-B064,W08,Ward 8,30562.081413001306,3.0562081413001305,10000,205.62081413001306,above_preferred,5
W08-B065,W08,Ward 8,30446.26806464718,3.044626806464718,10000,204.46268064647182,above_preferred,17
W08-B066,W08,Ward 8,30363.31365432304,3.036331365432304,10000,203.63313654323042,above_preferred,18
W08-B067,W08,Ward 8,30363.313654313868,3.0363313654313866,10000,203.63313654313865,above_preferred,0
W08-B068,W08,Ward 8,30139.194888495836,3.0139194888495835,10000,201.39194888495834,above_preferred,2
W08-B069,W08,Ward 8,30093.18353600104,3.0093183536001042,10000,200.93183536001044,above_preferred,24
W08-B070,W08,Ward 8,29892.566981649376,2.9892566981649376,10000,198.92566981649375,above_preferred,9
W08-B071,W08,Ward 8,29857.026979526574,2.9857026979526573,10000,198.57026979526574,above_preferred,0
W08-B072,W08,Ward 8,29606.486853188082,2.9606486853188083,10000,196.06486853188082,above_preferred,0
W08-B073,W08,Ward 8,29485.047791843528,2.948504779184353,10000,194.85047791843527,above_preferred,16
W08-B074,W08,Ward 8,29299.47539493923,2.9299475394939227,10000,192.99475394939228,above_preferred,4
W08-B075,W08,Ward 8,28884.95074205595,2.888495074205595,10000,188.8495074205595,above_preferred,0
W08-B076,W08,Ward 8,28767.755302246005,2.8767755302246005,10000,187.67755302246005,above_preferred,7
W08-B077,W08,Ward 8,28767.755302246005,2.8767755302246005,10000,187.67755302246005,above_preferred,16
W08-B078,W08,Ward 8,28685.981337197012,2.868598133719701,10000,186.85981337197012,above_preferred,16
W08-B079,W08,Ward 8,28388.41028470411,2.838841028470411,10000,183.88410284704108,above_preferred,4
W08-B080,W08,Ward 8,28160.018839149092,2.8160018839149092,10000,181.60018839149092,above_preferred,0
W08-B081,W08,Ward 8,28160.018839149092,2.8160018839149092,10000,181.60018839149092,above_preferred,0
W08-B082,W08,Ward 8,27452.301430207328,2.745230143020733,10000,174.52301430207328,above_preferred,6
W08-B083,W08,Ward 8,26940.09165890461,2.694009165890461,10000,169.4009165890461,above_preferred,9
W08-B084,W08,Ward 8,26914.988048345844,2.6914988048345845,10000,169.14988048345845,above_preferred,0
W08-B085,W08,Ward 8,26914.988048345844,2.6914988048345845,10000,169.14988048345845,above_preferred,0
W08-B086,W08,Ward 8,26804.588901689123,2.680458890168912,10000,168.0458890168912,above_preferred,16
W08-B087,W08,Ward 8,26804.58890167118,2.680458890167118,10000,168.0458890167118,above_preferred,8
W08-B088,W08,Ward 8,26783.71423281507,2.678371423281507,10000,167.8371423281507,above_preferred,49
W08-B089,W08,Ward 8,26729.22292540138,2.672922292540138,10000,167.29222925401382,above_preferred,53
W08-B090,W08,Ward 8,26546.188052152746,2.6546188052152746,10000,165.46188052152746,above_preferred,21
W08-B091,W08,Ward 8,26483.65762902147,2.648365762902147,10000,164.83657629021468,above_preferred,56
W08-B092,W08,Ward 8,26483.65762902147,2.648365762902147,10000,164.83657629021468,above_preferred,34
W08-B093,W08,Ward 8,26255.59836222457,2.625559836222457,10000,162.5559836222457,above_preferred,9
W08-B094,W08,Ward 8,26245.733634522858,2.624573363452286,10000,162.45733634522858,above_preferred,11
W08-B095,W08,Ward 8,26221.91246197456,2.622191246197456,10000,162.21912461974563,above_preferred,24
W08-B096,W08,Ward 8,26210.88670809631,2.621088670809631,10000,162.10886708096308,above_preferred,16
W08-B097,W08,Ward 8,26157.01135283733,2.615701135283733,10000,161.57011352837333,above_preferred,30
W08-B098,W08,Ward 8,26152.504820218794,2.6152504820218794,10000,161.52504820218795,above_preferred,10
W08-B099,W08,Ward 8,26099.45595564051,2.609945595564051,10000,160.9945595564051,above_preferred,20
W08-B100,W08,Ward 8,26026.469098064383,2.602646909806438,10000,160.26469098064382,above_preferred,3
W08-B101,W08,Ward 8,25856.22400401673,2.585622400401673,10000,158.5622400401673,above_preferred,17
W08-B102,W08,Ward 8,25808.963464593042,2.580896346459304,10000,158.0896346459304,above_preferred,9
W08-B103,W08,Ward 8,25743.39462196929,2.5743394621969293,10000,157.43394621969293,above_preferred,35
W08-B104,W08,Ward 8,25742.49201234932,2.5742492012349323,10000,157.42492012349322,above_preferred,17
W08-B105,W08,Ward 8,25717.356217602915,2.5717356217602916,10000,157.17356217602915,above_preferred,14
W08-B106,W08,Ward 8,25690.176248569755,2.5690176248569756,10000,156.90176248569756,above_preferred,67
W08-B107,W08,Ward 8,25601.899600481884,2.5601899600481883,10000,156.01899600481883,above_preferred,30
W08-B108,W08,Ward 8,25542.49049653061,2.5542490496530608,10000,155.42490496530607,above_preferred,28
W08-B109,W08,Ward 8,25300.64402192945,2.530064402192945,10000,153.00644021929452,above_preferred,32
W08-B110,W08,Ward 8,25290.04231896787,2.529004231896787,10000,152.90042318967872,above_preferred,7
W08-B111,W08,Ward 8,24757.172401731255,2.4757172401731253,10000,147.57172401731253,above_preferred,36
W08-B112,W08,Ward 8,24601.949581233705,2.4601949581233704,10000,146.01949581233703,above_preferred,63
W08-B113,W08,Ward 8,24457.554803164356,2.4457554803164356,10000,144.57554803164356,above_preferred,15
W08-B114,W08,Ward 8,24428.476619625613,2.442847661962561,10000,144.28476619625613,above_preferred,0
W08-B115,W08,Ward 8,24372.1047493299,2.43721047493299,10000,143.721047493299,above_preferred,27
W08-B116,W08,Ward 8,24269.73558806922,2.426973558806922,10000,142.6973558806922,above_preferred,35
W08-B117,W08,Ward 8,24001.899080946892,2.4001899080946894,10000,140.01899080946893,above_preferred,14
W08-B118,W08,Ward 8,23904.70996204399,2.390470996204399,10000,139.0470996204399,above_preferred,0
W08-B119,W08,Ward 8,23899.420659393654,2.3899420659393655,10000,138.99420659393655,above_preferred,11
W08-B120,W08,Ward 8,23899.420659393654,2.3899420659393655,10000,138.99420659393655,above_preferred,9
W08-B121,W08,Ward 8,23899.420659393654,2.3899420659393655,10000,138.99420659393655,above_preferred,12
W08-B122,W08,Ward 8,23899.420659393654,2.3899420659393655,10000,138.99420659393655,above_preferred,12
W08-B123,W08,Ward 8,23899.420659377658,2.389942065937766,10000,138.9942065937766,above_preferred,10
W08-B124,W08,Ward 8,23899.420659377658,2.389942065937766,10000,138.9942065937766,above_preferred,1
W08-B125,W08,Ward 8,23899.420659377658,2.389942065937766,10000,138.9942065937766,above_preferred,12
W08-B126,W08,Ward 8,23899.420659377658,2.389942065937766,10000,138.9942065937766,above_preferred,22
W08-B127,W08,Ward 8,23562.31206435592,2.356231206435592,10000,135.6231206435592,above_preferred,1
W08-B128,W08,Ward 8,23537.25433820626,2.353725433820626,10000,135.3725433820626,above_preferred,2
W08-B129,W08,Ward 8,23191.66497972727,2.319166497972727,10000,131.91664979727273,above_preferred,16
W08-B130,W08,Ward 8,22955.551061740272,2.295555106174027,10000,129.55551061740272,above_preferred,8
W08-B131,W08,Ward 8,22450.727213780054,2.2450727213780053,10000,124.50727213780053,above_preferred,0
W08-B132,W08,Ward 8,22444.137326525466,2.2444137326525464,10000,124.44137326525464,above_preferred,0
W08-B133,W08,Ward 8,22159.623858132003,2.2159623858132003,10000,121.59623858132002,above_preferred,5
W08-B134,W08,Ward 8,22034.28208970716,2.203428208970716,10000,120.3428208970716,above_preferred,1
W08-B135,W08,Ward 8,22021.35385774292,2.2021353857742922,10000,120.21353857742922,above_preferred,1
W08-B136,W08,Ward 8,22021.35385774292,2.2021353857742922,10000,120.21353857742922,above_preferred,0
W08-B137,W08,Ward 8,21931.027283204792,2.193102728320479,10000,119.31027283204791,above_preferred,12
W08-B138,W08,Ward 8,21931.027283190113,2.1931027283190114,10000,119.31027283190114,above_preferred,4
W08-B139,W08,Ward 8,21538.59459021299,2.153859459021299,10000,115.38594590212989,above_preferred,0
W08-B140,W08,Ward 8,21481.853205462092,2.1481853205462094,10000,114.81853205462093,above_preferred,1
W08-B141,W08,Ward 8,21443.304531741247,2.1443304531741245,10000,114.43304531741245,above_preferred,18
W08-B142,W08,Ward 8,21401.191106861424,2.1401191106861424,10000,114.01191106861424,above_preferred,27
W08-B143,W08,Ward 8,21397.50394381991,2.139750394381991,10000,113.97503943819909,above_preferred,2
W08-B144,W08,Ward 8,21380.474198074266,2.1380474198074264,10000,113.80474198074265,above_preferred,13
W08-B145,W08,Ward 8,20372.07667308623,2.037207667308623,10000,103.7207667308623,above_preferred,0
W08-B146,W08,Ward 8,20255.8683286935,2.02558683286935,10000,102.55868328693501,above_preferred,31
W08-B147,W08,Ward 8,19986.935416038516,1.9986935416038516,10000,99.86935416038516,above_preferred,0
W08-B148,W08,Ward 8,19907.69670264636,1.990769670264636,10000,99.0769670264636,above_preferred,0
W08-B149,W08,Ward 8,19842.04406624507,1.984204406624507,10000,98.4204406624507,above_preferred,30
W08-B150,W08,Ward 8,19807.990874165418,1.9807990874165418,10000,98.07990874165418,above_preferred,17
W08-B151,W08,Ward 8,19775.029002210307,1.9775029002210307,10000,97.75029002210307,above_preferred,15
W08-B152,W08,Ward 8,19704.8876584242,1.97048876584242,10000,97.048876584242,above_preferred,7
W08-B153,W08,Ward 8,19616.588321743813,1.9616588321743813,10000,96.16588321743814,above_preferred,0
W08-B154,W08,Ward 8,19554.07144859665,1.9554071448596648,10000,95.54071448596648,above_preferred,3
W08-B155,W08,Ward 8,19554.07144859665,1.9554071448596648,10000,95.54071448596648,above_preferred,3
W08-B156,W08,Ward 8,19554.07144858652,1.955407144858652,10000,95.54071448586521,above_preferred,9
W08-B157,W08,Ward 8,19554.07144858652,1.955407144858652,10000,95.54071448586521,above_preferred,9
W08-B158,W08,Ward 8,19554.071448583563,1.9554071448583563,10000,95.54071448583564,above_preferred,1
W08-B159,W08,Ward 8,19554.071448583563,1.9554071448583563,10000,95.54071448583564,above_preferred,5
W08-B160,W08,Ward 8,19554.071448573435,1.9554071448573436,10000,95.54071448573436,above_preferred,6
W08-B161,W08,Ward 8,19554.071448573435,1.9554071448573436,10000,95.54071448573436,above_preferred,4
W08-B162,W08,Ward 8,19091.791944002765,1.9091791944002765,10000,90.91791944002765,above_preferred,12
W08-B163,W08,Ward 8,19076.66718925356,1.907666718925356,10000,90.7666718925356,above_preferred,10
W08-B164,W08,Ward 8,18936.110273341346,1.8936110273341347,10000,89.36110273341346,above_preferred,24
W08-B165,W08,Ward 8,18910.51018545969,1.891051018545969,10000,89.1051018545969,above_preferred,16
W08-B166,W08,Ward 8,18675.131915646165,1.8675131915646166,10000,86.75131915646166,above_preferred,0
W08-B167,W08,Ward 8,18668.54024533108,1.8668540245331082,10000,86.68540245331083,above_preferred,14
W08-B168,W08,Ward 8,18368.776811263575,1.8368776811263574,10000,83.68776811263574,above_preferred,1
W08-B169,W08,Ward 8,18342.906821140656,1.8342906821140657,10000,83.42906821140656,above_preferred,53
W08-B170,W08,Ward 8,18296.795407053214,1.8296795407053215,10000,82.96795407053214,above_preferred,17
W08-B171,W08,Ward 8,18250.070891886204,1.8250070891886203,10000,82.50070891886203,above_preferred,11
W08-B172,W08,Ward 8,18030.28208934768,1.8030282089347678,10000,80.30282089347678,above_preferred,16
W08-B173,W08,Ward 8,17378.523768367424,1.7378523768367424,10000,73.78523768367424,above_preferred,1
W08-B174,W08,Ward 8,17312.964001736982,1.7312964001736981,10000,73.12964001736981,above_preferred,8
W08-B175,W08,Ward 8,17016.84816541562,1.7016848165415621,10000,70.16848165415621,above_preferred,1
W08-B176,W08,Ward 8,16884.42158211815,1.688442158211815,10000,68.84421582118149,above_preferred,16
W08-B177,W08,Ward 8,16707.57043115092,1.6707570431150922,10000,67.07570431150923,above_preferred,6
W08-B178,W08,Ward 8,16578.31313507587,1.657831313507587,10000,65.78313135075871,above_preferred,21
W08-B179,W08,Ward 8,16539.12925680093,1.653912925680093,10000,65.3912925680093,above_preferred,2
W08-B180,W08,Ward 8,16329.22075810033,1.632922075810033,10000,63.29220758100329,above_preferred,10
W08-B181,W08,Ward 8,15863.18336514197,1.5863183365141968,10000,58.63183365141968,above_preferred,20
W08-B182,W08,Ward 8,15373.942482222163,1.5373942482222163,10000,53.73942482222163,above_preferred,4
W08-B183,W08,Ward 8,15328.110047011012,1.5328110047011012,10000,53.28110047011012,above_preferred,6
W08-B184,W08,Ward 8,14886.225870697686,1.4886225870697687,10000,48.86225870697687,above_preferred,15
W08-B185,W08,Ward 8,14193.80295186533,1.4193802951865329,10000,41.93802951865329,above_preferred,7
W08-B186,W08,Ward 8,14094.320997936908,1.4094320997936907,10000,40.943209979369065,above_preferred,24
W08-B187,W08,Ward 8,13872.251138373127,1.3872251138373126,10000,38.72251138373126,above_preferred,3
W08-B188,W08,Ward 8,13351.228382149904,1.3351228382149904,10000,33.51228382149905,above_preferred,8
W08-B189,W08,Ward 8,13332.573200423407,1.3332573200423408,10000,33.32573200423408,above_preferred,11
W08-B190,W08,Ward 8,13256.052641655426,1.3256052641655425,10000,32.56052641655425,above_preferred,11
W08-B191,W08,Ward 8,12717.132864482865,1.2717132864482865,10000,27.17132864482865,above_preferred,3
W08-B192,W08,Ward 8,12632.06571367666,1.2632065713676661,10000,26.320657136766613,above_preferred,3
W08-B193,W08,Ward 8,12174.99312653392,1.217499312653392,10000,21.749931265339196,above_preferred,11
W08-B194,W08,Ward 8,11482.616569982498,1.1482616569982498,10000,14.826165699824978,within_preferred,26
W08-B195,W08,Ward 8,11323.643624784101,1.13236436247841,10000,13.23643624784101,within_preferred,2
W08-B196,W08,Ward 8,10298.45184846509,1.029845184846509,10000,2.984518484650911,within_preferred,23
W08-B197,W08,Ward 8,9910.791158929242,0.9910791158929242,10000,-0.892088410707581,within_preferred,5
W08-B198,W08,Ward 8,9905.927334348044,0.9905927334348044,10000,-0.9407266565195638,within_preferred,0
W08-B199,W08,Ward 8,6800.821691903814,0.6800821691903814,10000,-31.991783080961856,below_preferred,0
W08-B200,W08,Ward 8,6578.960658111016,0.6578960658111016,10000,-34.210393418889836,below_preferred,8
W08-B201,W08,Ward 8,5116.090061803274,0.5116090061803273,10000,-48.839099381967266,below_preferred,3
W08-B202,W08,Ward 8,4334.093641448458,0.43340936414484577,10000,-56.659063585515426,below_preferred,3
W08-B203,W08,Ward 8,3558.965640415811,0.3558965640415811,10000,-64.4103435958419,below_preferred,1
W01-B001,W01,Ward 1,38679.924177409324,3.8679924177409326,10000,286.7992417740933,above_preferred,72
W01-B002,W01,Ward 1,38537.33598260018,3.8537335982600185,10000,285.37335982600183,above_preferred,53
W01-B003,W01,Ward 1,37810.99610578185,3.781099610578185,10000,278.1099610578185,above_preferred,54
W01-B004,W01,Ward 1,37801.05809058834,3.780105809058834,10000,278.0105809058834,above_preferred,70
W01-B005,W01,Ward 1,37640.26251746552,3.764026251746552,10000,276.4026251746552,above_preferred,56
W01-B006,W01,Ward 1,36461.588830196444,3.6461588830196443,10000,264.61588830196445,above_preferred,37
W01-B007,W01,Ward 1,36457.949166215854,3.6457949166215853,10000,264.57949166215855,above_preferred,49
W01-B008,W01,Ward 1,36449.917238263406,3.6449917238263407,10000,264.4991723826341,above_preferred,57
W01-B009,W01,Ward 1,34438.665230166946,3.4438665230166947,10000,244.38665230166947,above_preferred,59
W01-B010,W01,Ward 1,33759.13284204571,3.3759132842045707,10000,237.59132842045707,above_preferred,45
W01-B011,W01,Ward 1,33145.966035719815,3.3145966035719816,10000,231.45966035719817,above_preferred,58
W01-B012,W01,Ward 1,32828.16855042791,3.2828168550427907,10000,228.28168550427907,above_preferred,66
W01-B013,W01,Ward 1,31649.707679029994,3.1649707679029992,10000,216.49707679029993,above_preferred,46
W01-B014,W01,Ward 1,30132.918989906702,3.01329189899067,10000,201.32918989906702,above_preferred,26
W01-B015,W01,Ward 1,30122.06088344402,3.012206088344402,10000,201.22060883444018,above_preferred,22
W01-B016,W01,Ward 1,28990.744419817816,2.8990744419817815,10000,189.90744419817815,above_preferred,59
W01-B017,W01,Ward 1,28629.84216336881,2.862984216336881,10000,186.2984216336881,above_preferred,53
W01-B018,W01,Ward 1,27556.500254470735,2.7556500254470735,10000,175.56500254470734,above_preferred,28
W01-B019,W01,Ward 1,26649.70994917808,2.664970994917808,10000,166.4970994917808,above_preferred,46
W01-B020,W01,Ward 1,26439.20945776523,2.6439209457765234,10000,164.39209457765233,above_preferred,36
W01-B021,W01,Ward 1,26370.554041849566,2.6370554041849568,10000,163.70554041849567,above_preferred,12
W01-B022,W01,Ward 1,26277.788606673654,2.6277788606673655,10000,162.77788606673656,above_preferred,22
W01-B023,W01,Ward 1,25652.520947015986,2.5652520947015987,10000,156.52520947015987,above_preferred,21
W01-B024,W01,Ward 1,24402.67833647069,2.440267833647069,10000,144.02678336470692,above_preferred,37
W01-B025,W01,Ward 1,24358.80352099584,2.435880352099584,10000,143.58803520995843,above_preferred,33
W01-B026,W01,Ward 1,21647.745033665473,2.164774503366547,10000,116.47745033665471,above_preferred,25
W01-B027,W01,Ward 1,21170.34014245541,2.117034014245541,10000,111.7034014245541,above_preferred,43
W01-B028,W01,Ward 1,21136.018374848965,2.1136018374848966,10000,111.36018374848966,above_preferred,12
W01-B029,W01,Ward 1,20766.842601130782,2.0766842601130784,10000,107.66842601130784,above_preferred,25
W01-B030,W01,Ward 1,20340.29206604232,2.034029206604232,10000,103.40292066042318,above_preferred,29
W01-B031,W01,Ward 1,20248.889120109357,2.024888912010936,10000,102.4888912010936,above_preferred,41
W01-B032,W01,Ward 1,20071.32212418924,2.0071322124189237,10000,100.71322124189237,above_preferred,36
W01-B033,W01,Ward 1,17389.69943951026,1.738969943951026,10000,73.8969943951026,above_preferred,50
W01-B034,W01,Ward 1,16041.537122097356,1.6041537122097356,10000,60.415371220973555,above_preferred,15
W01-B035,W01,Ward 1,15937.865937891842,1.5937865937891842,10000,59.37865937891842,above_preferred,33
W01-B036,W01,Ward 1,15763.591965915793,1.5763591965915793,10000,57.63591965915793,above_preferred,20
W01-B037,W01,Ward 1,14164.827541920193,1.4164827541920193,10000,41.64827541920193,above_preferred,16
W01-B038,W01,Ward 1,12649.419211858942,1.264941921185894,10000,26.49419211858941,above_preferred,29
W01-B039,W01,Ward 1,11307.548879640563,1.1307548879640563,10000,13.075488796405633,within_preferred,45
W01-B040,W01,Ward 1,11022.8166886618,1.10228166886618,10000,10.228166886618006,within_preferred,17
W01-B041,W01,Ward 1,11012.170218253745,1.1012170218253745,10000,10.121702182537451,within_preferred,13
W01-B042,W01,Ward 1,10545.06143788667,1.0545061437886671,10000,5.450614378866714,within_preferred,8
W01-B043,W01,Ward 1,10500.262241410986,1.0500262241410987,10000,5.00262241410987,within_preferred,28
W01-B044,W01,Ward 1,10470.520884078516,1.0470520884078516,10000,4.705208840785158,within_preferred,15
W01-B045,W01,Ward 1,10036.342001321545,1.0036342001321545,10000,0.36342001321545414,within_preferred,15
W01-B046,W01,Ward 1,10018.372245198956,1.0018372245198957,10000,0.18372245198956527,within_preferred,28
W01-B047,W01,Ward 1,9942.12552132765,0.994212552132765,10000,-0.5787447867234952,within_preferred,33
W01-B048,W01,Ward 1,9926.506491061204,0.9926506491061203,10000,-0.7349350893879669,within_preferred,12
W01-B049,W01,Ward 1,9792.424167361292,0.9792424167361292,10000,-2.0757583263870782,within_preferred,16
W01-B050,W01,Ward 1,9628.530940198081,0.9628530940198081,10000,-3.714690598019188,within_preferred,29
W01-B051,W01,Ward 1,9563.900808947916,0.9563900808947916,10000,-4.3609919105208395,within_preferred,26
W01-B052,W01,Ward 1,9563.474506970419,0.9563474506970419,10000,-4.365254930295814,within_preferred,21
W01-B053,W01,Ward 1,9560.77205824022,0.956077205824022,10000,-4.3922794175978,within_preferred,20
W01-B054,W01,Ward 1,9328.917832618437,0.9328917832618437,10000,-6.710821673815626,within_preferred,30
W01-B055,W01,Ward 1,8873.45111296612,0.8873451112966121,10000,-11.26548887033879,within_preferred,10
W01-B056,W01,Ward 1,8653.846492949579,0.8653846492949578,10000,-13.461535070504215,within_preferred,15
W01-B057,W01,Ward 1,8649.305284286991,0.8649305284286991,10000,-13.506947157130089,within_preferred,0
W01-B058,W01,Ward 1,7428.891095895352,0.7428891095895352,10000,-25.711089041046474,below_preferred,1
W01-B059,W01,Ward 1,3471.547627254974,0.3471547627254974,10000,-65.28452372745026,below_preferred,9
W02-B001,W02,Ward 2,40421.62823762757,4.042162823762757,10000,304.2162823762757,above_preferred,89
W02-B002,W02,Ward 2,40314.337347577086,4.031433734757709,10000,303.1433734757709,above_preferred,36
W02-B003,W02,Ward 2,39900.09377112146,3.9900093771121456,10000,299.0009377112146,above_preferred,54
W02-B004,W02,Ward 2,39886.085721869575,3.9886085721869575,10000,298.86085721869574,above_preferred,63
W02-B005,W02,Ward 2,39838.989397031364,3.9838989397031366,10000,298.38989397031366,above_preferred,4
W02-B006,W02,Ward 2,39827.270476391095,3.9827270476391097,10000,298.27270476391095,above_preferred,44
W02-B007,W02,Ward 2,39671.25626412151,3.9671256264121513,10000,296.71256264121513,above_preferred,56
W02-B008,W02,Ward 2,39625.572754607885,3.9625572754607887,10000,296.2557275460789,above_preferred,57
W02-B009,W02,Ward 2,39373.82606082567,3.9373826060825667,10000,293.73826060825667,above_preferred,30
W02-B010,W02,Ward 2,39245.96927085057,3.924596927085057,10000,292.4596927085057,above_preferred,19
W02-B011,W02,Ward 2,38515.73461573248,3.8515734615732478,10000,285.15734615732475,above_preferred,28
W02-B012,W02,Ward 2,38409.047496384585,3.8409047496384585,10000,284.09047496384585,above_preferred,51
W02-B013,W02,Ward 2,38311.41332956744,3.831141332956744,10000,283.11413329567443,above_preferred,46
W02-B014,W02,Ward 2,37659.17102129165,3.765917102129165,10000,276.5917102129165,above_preferred,96
W02-B015,W02,Ward 2,37401.38522080454,3.7401385220804544,10000,274.0138522080454,above_preferred,25
W02-B016,W02,Ward 2,36612.999033905784,3.6612999033905784,10000,266.1299903390578,above_preferred,46
W02-B017,W02,Ward 2,36380.989916497034,3.6380989916497035,10000,263.8098991649704,above_preferred,35
W02-B018,W02,Ward 2,34862.98685176107,3.4862986851761066,10000,248.62986851761067,above_preferred,40
W02-B019,W02,Ward 2,34274.877913972654,3.4274877913972652,10000,242.74877913972654,above_preferred,38
W02-B020,W02,Ward 2,34214.66983940411,3.421466983940411,10000,242.1466983940411,above_preferred,63
W02-B021,W02,Ward 2,33577.89795725836,3.3577897957258362,10000,235.77897957258364,above_preferred,7
W02-B022,W02,Ward 2,32378.634296770284,3.2378634296770286,10000,223.78634296770286,above_preferred,11
W02-B023,W02,Ward 2,31684.11998845853,3.168411998845853,10000,216.8411998845853,above_preferred,43
W02-B024,W02,Ward 2,31208.74007162208,3.120874007162208,10000,212.0874007162208,above_preferred,40
W02-B025,W02,Ward 2,31143.70013954755,3.1143700139547548,10000,211.43700139547548,above_preferred,30
W02-B026,W02,Ward 2,31001.707624350445,3.1001707624350447,10000,210.01707624350448,above_preferred,18
W02-B027,W02,Ward 2,30945.918258377573,3.094591825837757,10000,209.4591825837757,above_preferred,65
W02-B028,W02,Ward 2,30775.17092420905,3.077517092420905,10000,207.7517092420905,above_preferred,37
W02-B029,W02,Ward 2,30631.092845624484,3.0631092845624486,10000,206.31092845624485,above_preferred,29
W02-B030,W02,Ward 2,30457.722838223457,3.0457722838223455,10000,204.57722838223455,above_preferred,7
W02-B031,W02,Ward 2,30255.903482451362,3.025590348245136,10000,202.55903482451362,above_preferred,23
W02-B032,W02,Ward 2,30093.231533805792,3.009323153380579,10000,200.93231533805792,above_preferred,21
W02-B033,W02,Ward 2,30005.59690263139,3.000559690263139,10000,200.0559690263139,above_preferred,54
W02-B034,W02,Ward 2,29895.683236095905,2.9895683236095905,10000,198.95683236095905,above_preferred,26
W02-B035,W02,Ward 2,29780.459401551037,2.978045940155104,10000,197.8045940155104,above_preferred,12
W02-B036,W02,Ward 2,29584.597248140944,2.9584597248140945,10000,195.84597248140943,above_preferred,63
W02-B037,W02,Ward 2,29508.938821529762,2.950893882152976,10000,195.08938821529762,above_preferred,45
W02-B038,W02,Ward 2,29167.416821862356,2.9167416821862355,10000,191.67416821862355,above_preferred,13
W02-B039,W02,Ward 2,29072.81958051418,2.907281958051418,10000,190.7281958051418,above_preferred,34
W02-B040,W02,Ward 2,28610.46667828867,2.861046667828867,10000,186.10466678288668,above_preferred,8
W02-B041,W02,Ward 2,27556.625131240588,2.755662513124059,10000,175.56625131240588,above_preferred,43
W02-B042,W02,Ward 2,26809.38920030631,2.6809389200306306,10000,168.09389200306305,above_preferred,59
W02-B043,W02,Ward 2,26362.063165486998,2.6362063165486997,10000,163.62063165486998,above_preferred,34
W02-B044,W02,Ward 2,25776.819245673483,2.577681924567348,10000,157.76819245673482,above_preferred,10
W02-B045,W02,Ward 2,25161.824191951167,2.5161824191951165,10000,151.61824191951166,above_preferred,11
W02-B046,W02,Ward 2,23987.3275030832,2.3987327503083202,10000,139.87327503083202,above_preferred,14
W02-B047,W02,Ward 2,23748.41228204831,2.374841228204831,10000,137.4841228204831,above_preferred,21
W02-B048,W02,Ward 2,23307.68778230478,2.330768778230478,10000,133.07687782304777,above_preferred,15
W02-B049,W02,Ward 2,23215.74678493169,2.321574678493169,10000,132.15746784931687,above_preferred,27
W02-B050,W02,Ward 2,22867.7094890843,2.28677094890843,10000,128.67709489084297,above_preferred,15
W02-B051,W02,Ward 2,22501.6333854278,2.2501633385427797,10000,125.01633385427797,above_preferred,7
W02-B052,W02,Ward 2,22491.84262866746,2.2491842628667458,10000,124.91842628667457,above_preferred,17
W02-B053,W02,Ward 2,21797.354262654066,2.1797354262654065,10000,117.97354262654065,above_preferred,23
W02-B054,W02,Ward 2,21067.315300856506,2.1067315300856504,10000,110.67315300856504,above_preferred,44
W02-B055,W02,Ward 2,21063.30271681347,2.106330271681347,10000,110.6330271681347,above_preferred,13
W02-B056,W02,Ward 2,19995.06732441484,1.999506732441484,10000,99.95067324414839,above_preferred,20
W02-B057,W02,Ward 2,19743.632773790338,1.9743632773790338,10000,97.43632773790338,above_preferred,33
W02-B058,W02,Ward 2,19557.7178516528,1.95577178516528,10000,95.57717851652801,above_preferred,32
W02-B059,W02,Ward 2,19305.840380389673,1.9305840380389672,10000,93.05840380389671,above_preferred,8
W02-B060,W02,Ward 2,19226.885798175,1.9226885798175,10000,92.26885798175,above_preferred,19
W02-B061,W02,Ward 2,18917.356152405555,1.8917356152405556,10000,89.17356152405556,above_preferred,23
W02-B062,W02,Ward 2,17673.7149267678,1.76737149267678,10000,76.737149267678,above_preferred,31
W02-B063,W02,Ward 2,17377.66834245407,1.7377668342454071,10000,73.7766834245407,above_preferred,24
W02-B064,W02,Ward 2,17051.259315996467,1.7051259315996468,10000,70.51259315996468,above_preferred,15
W02-B065,W02,Ward 2,16776.954196970637,1.6776954196970637,10000,67.76954196970637,above_preferred,6
W02-B066,W02,Ward 2,16146.685246663295,1.6146685246663295,10000,61.46685246663295,above_preferred,16
W02-B067,W02,Ward 2,14077.534222017732,1.4077534222017731,10000,40.775342220177315,above_preferred,20
W02-B068,W02,Ward 2,13906.58599912173,1.390658599912173,10000,39.0658599912173,above_preferred,8
W02-B069,W02,Ward 2,13334.554615430692,1.3334554615430692,10000,33.345546154306916,above_preferred,17
W02-B070,W02,Ward 2,13217.310203021745,1.3217310203021746,10000,32.17310203021746,above_preferred,7
W02-B071,W02,Ward 2,13191.55517980291,1.319155517980291,10000,31.915551798029096,above_preferred,17
W02-B072,W02,Ward 2,12843.489704011577,1.2843489704011577,10000,28.43489704011577,above_preferred,0
W02-B073,W02,Ward 2,11889.54578634367,1.188954578634367,10000,18.895457863436693,within_preferred,50
W02-B074,W02,Ward 2,11443.04435049034,1.144304435049034,10000,14.43044350490339,within_preferred,11
W02-B075,W02,Ward 2,11380.258598355116,1.1380258598355115,10000,13.802585983551152,within_preferred,34
W02-B076,W02,Ward 2,11171.507125388722,1.1171507125388722,10000,11.71507125388722,within_preferred,4
W02-B077,W02,Ward 2,11026.757899487091,1.1026757899487092,10000,10.267578994870918,within_preferred,7
W02-B078,W02,Ward 2,10718.682105825173,1.0718682105825172,10000,7.1868210582517245,within_preferred,18
W02-B079,W02,Ward 2,10650.62389291051,1.065062389291051,10000,6.50623892910509,within_preferred,9
W02-B080,W02,Ward 2,10512.123113745252,1.0512123113745253,10000,5.121231137452531,within_preferred,13
W02-B081,W02,Ward 2,10489.398751541901,1.04893987515419,10000,4.893987515419007,within_preferred,18
W02-B082,W02,Ward 2,10191.675949881543,1.0191675949881542,10000,1.9167594988154235,within_preferred,13
W02-B083,W02,Ward 2,9955.06599892321,0.995506599892321,10000,-0.44934001076789576,within_preferred,28
W02-B084,W02,Ward 2,9862.481364925863,0.9862481364925864,10000,-1.3751863507413642,within_preferred,28
W02-B085,W02,Ward 2,9654.683935904957,0.9654683935904957,10000,-3.4531606409504256,within_preferred,31
W02-B086,W02,Ward 2,9644.248708423685,0.9644248708423685,10000,-3.55751291576315,within_preferred,18
W02-B087,W02,Ward 2,9492.268702188892,0.9492268702188892,10000,-5.077312978111081,within_preferred,18
W02-B088,W02,Ward 2,9457.80192309244,0.945780192309244,10000,-5.421980769075596,within_preferred,11
W02-B089,W02,Ward 2,9207.949313181369,0.9207949313181368,10000,-7.920506868186317,within_preferred,6
W02-B090,W02,Ward 2,6748.076798352753,0.6748076798352753,10000,-32.519232016472465,below_preferred,18
W02-B091,W02,Ward 2,5959.845526718843,0.5959845526718843,10000,-40.401544732811566,below_preferred,11
W02-B092,W02,Ward 2,5828.722986081178,0.5828722986081177,10000,-41.71277013918823,below_preferred,4
W02-B093,W02,Ward 2,4854.160582997559,0.48541605829975587,10000,-51.45839417002441,below_preferred,14
W02-B094,W02,Ward 2,3526.2724397331685,0.35262724397331685,10000,-64.7372756026683,below_preferred,0
W02-B095,W02,Ward 2,2598.4706298564365,0.25984706298564364,10000,-74.01529370143564,below_preferred,1
W09-B001,W09,Ward 9,40688.29649108517,4.068829649108517,10000,306.88296491085174,above_preferred,51
W09-B002,W09,Ward 9,40599.95410692664,4.059995410692665,10000,305.99954106926646,above_preferred,15
W09-B003,W09,Ward 9,40516.63169911591,4.051663169911591,10000,305.1663169911591,above_preferred,40
W09-B004,W09,Ward 9,39322.73867217769,3.9322738672177695,10000,293.22738672177695,above_preferred,0
W09-B005,W09,Ward 9,39278.66322249705,3.9278663222497054,10000,292.78663222497056,above_preferred,17
W09-B006,W09,Ward 9,39018.09687134484,3.9018096871344836,10000,290.18096871344835,above_preferred,32
W09-B007,W09,Ward 9,38884.769731336826,3.888476973133683,10000,288.84769731336826,above_preferred,29
W09-B008,W09,Ward 9,38763.528166652,3.8763528166652,10000,287.63528166652003,above_preferred,0
W09-B009,W09,Ward 9,38382.76400557829,3.838276400557829,10000,283.8276400557829,above_preferred,13
W09-B010,W09,Ward 9,38044.93021667298,3.8044930216672985,10000,280.44930216672986,above_preferred,22
W09-B011,W09,Ward 9,37747.431756377475,3.7747431756377474,10000,277.4743175637747,above_preferred,23
W09-B012,W09,Ward 9,37732.15074199533,3.7732150741995327,10000,277.32150741995326,above_preferred,14
W09-B013,W09,Ward 9,37732.15074198885,3.7732150741988852,10000,277.3215074198885,above_preferred,4
W09-B014,W09,Ward 9,37695.2941579568,3.76952941579568,10000,276.952941579568,above_preferred,27
W09-B015,W09,Ward 9,37529.27820427951,3.7529278204279506,10000,275.29278204279507,above_preferred,18
W09-B016,W09,Ward 9,37462.4903302691,3.7462490330269103,10000,274.62490330269105,above_preferred,0
W09-B017,W09,Ward 9,37435.8288702704,3.7435828870270402,10000,274.35828870270404,above_preferred,12
W09-B018,W09,Ward 9,36574.9549445755,3.6574954944575495,10000,265.74954944575495,above_preferred,34
W09-B019,W09,Ward 9,35815.82974243057,3.581582974243057,10000,258.1582974243057,above_preferred,14
W09-B020,W09,Ward 9,35458.87974556898,3.545887974556898,10000,254.5887974556898,above_preferred,8
W09-B021,W09,Ward 9,35199.22964974909,3.519922964974909,10000,251.9922964974909,above_preferred,13
W09-B022,W09,Ward 9,34549.498886907655,3.4549498886907655,10000,245.49498886907654,above_preferred,10
W09-B023,W09,Ward 9,34450.10563564241,3.445010563564241,10000,244.5010563564241,above_preferred,9
W09-B024,W09,Ward 9,34208.689751073536,3.4208689751073535,10000,242.08689751073535,above_preferred,13
W09-B025,W09,Ward 9,34060.14011016024,3.406014011016024,10000,240.6014011016024,above_preferred,4
W09-B026,W09,Ward 9,33334.47647067344,3.333447647067344,10000,233.34476470673442,above_preferred,30
W09-B027,W09,Ward 9,33303.75820945601,3.3303758209456014,10000,233.03758209456015,above_preferred,29
W09-B028,W09,Ward 9,33099.62949994028,3.309962949994028,10000,230.9962949994028,above_preferred,25
W09-B029,W09,Ward 9,32655.855556399645,3.2655855556399644,10000,226.55855556399644,above_preferred,0
W09-B030,W09,Ward 9,32533.274617036357,3.253327461703636,10000,225.33274617036358,above_preferred,3
W09-B031,W09,Ward 9,32331.7216635293,3.2331721663529303,10000,223.31721663529302,above_preferred,3
W09-B032,W09,Ward 9,31324.605078493103,3.13246050784931,10000,213.24605078493101,above_preferred,10
W09-B033,W09,Ward 9,31176.0786983856,3.1176078698385603,10000,211.76078698385604,above_preferred,2
W09-B034,W09,Ward 9,30871.75969799726,3.087175969799726,10000,208.7175969799726,above_preferred,11
W09-B035,W09,Ward 9,30711.537748290575,3.0711537748290576,10000,207.11537748290576,above_preferred,26
W09-B036,W09,Ward 9,30527.799600312243,3.0527799600312244,10000,205.27799600312244,above_preferred,22
W09-B037,W09,Ward 9,29477.661576829312,2.9477661576829313,10000,194.77661576829314,above_preferred,22
W09-B038,W09,Ward 9,29380.05773476063,2.938005773476063,10000,193.80057734760632,above_preferred,28
W09-B039,W09,Ward 9,29314.421407926446,2.9314421407926448,10000,193.1442140792645,above_preferred,18
W09-B040,W09,Ward 9,29288.323794177108,2.928832379417711,10000,192.88323794177109,above_preferred,14
W09-B041,W09,Ward 9,28752.65532703839,2.875265532703839,10000,187.52655327038389,above_preferred,21
W09-B042,W09,Ward 9,28719.05611083738,2.871905611083738,10000,187.19056110837383,above_preferred,37
W09-B043,W09,Ward 9,28719.056110818536,2.8719056110818535,10000,187.19056110818536,above_preferred,37
W09-B044,W09,Ward 9,28631.8148674155,2.86318148674155,10000,186.31814867415503,above_preferred,26
W09-B045,W09,Ward 9,28341.889725795434,2.8341889725795433,10000,183.4188972579543,above_preferred,19
W09-B046,W09,Ward 9,28341.889725795434,2.8341889725795433,10000,183.4188972579543,above_preferred,8
W09-B047,W09,Ward 9,28341.889725795434,2.8341889725795433,10000,183.4188972579543,above_preferred,1
W09-B048,W09,Ward 9,28341.88972579543,2.834188972579543,10000,183.41889725795428,above_preferred,30
W09-B049,W09,Ward 9,28186.450065504083,2.8186450065504083,10000,181.86450065504084,above_preferred,5
W09-B050,W09,Ward 9,27798.117847567508,2.7798117847567507,10000,177.98117847567508,above_preferred,16
W09-B051,W09,Ward 9,27491.61850764633,2.749161850764633,10000,174.9161850764633,above_preferred,23
W09-B052,W09,Ward 9,27263.391658808818,2.7263391658808818,10000,172.63391658808817,above_preferred,2
W09-B053,W09,Ward 9,27252.96777208276,2.725296777208276,10000,172.5296777208276,above_preferred,49
W09-B054,W09,Ward 9,27057.416249570833,2.705741624957083,10000,170.57416249570832,above_preferred,5
W09-B055,W09,Ward 9,27034.250156037666,2.7034250156037665,10000,170.34250156037666,above_preferred,13
W09-B056,W09,Ward 9,26761.18655936682,2.676118655936682,10000,167.6118655936682,above_preferred,36
W09-B057,W09,Ward 9,26723.488191871613,2.672348819187161,10000,167.23488191871613,above_preferred,21
W09-B058,W09,Ward 9,26404.685753883183,2.640468575388318,10000,164.0468575388318,above_preferred,27
W09-B059,W09,Ward 9,26377.817255831556,2.6377817255831557,10000,163.77817255831556,above_preferred,5
W09-B060,W09,Ward 9,26345.761293242653,2.634576129324265,10000,163.4576129324265,above_preferred,21
W09-B061,W09,Ward 9,25629.222336952032,2.562922233695203,10000,156.29222336952031,above_preferred,24
W09-B062,W09,Ward 9,25553.741444144718,2.555374144414472,10000,155.5374144414472,above_preferred,24
W09-B063,W09,Ward 9,25507.70075323543,2.550770075323543,10000,155.0770075323543,above_preferred,1
W09-B064,W09,Ward 9,25281.986177527797,2.5281986177527798,10000,152.81986177527799,above_preferred,0
W09-B065,W09,Ward 9,25281.986177527797,2.5281986177527798,10000,152.81986177527799,above_preferred,10
W09-B066,W09,Ward 9,25281.986177527797,2.5281986177527798,10000,152.81986177527799,above_preferred,5
W09-B067,W09,Ward 9,25281.986177510084,2.5281986177510083,10000,152.81986177510083,above_preferred,2
W09-B068,W09,Ward 9,25281.986177510084,2.5281986177510083,10000,152.81986177510083,above_preferred,8
W09-B069,W09,Ward 9,25170.85376096157,2.517085376096157,10000,151.70853760961572,above_preferred,0
W09-B070,W09,Ward 9,24961.05653513997,2.496105653513997,10000,149.6105653513997,above_preferred,3
W09-B071,W09,Ward 9,24762.166444753486,2.4762166444753486,10000,147.62166444753487,above_preferred,19
W09-B072,W09,Ward 9,24729.22030363806,2.4729220303638058,10000,147.29220303638058,above_preferred,24
W09-B073,W09,Ward 9,24708.22244193129,2.4708222441931293,10000,147.08222441931292,above_preferred,0
W09-B074,W09,Ward 9,24655.882373710712,2.465588237371071,10000,146.5588237371071,above_preferred,48
W09-B075,W09,Ward 9,24323.300934702263,2.4323300934702266,10000,143.23300934702266,above_preferred,32
W09-B076,W09,Ward 9,24155.162996494775,2.4155162996494774,10000,141.55162996494775,above_preferred,14
W09-B077,W09,Ward 9,23963.17401341661,2.396317401341661,10000,139.6317401341661,above_preferred,9
W09-B078,W09,Ward 9,23920.196546710464,2.392019654671046,10000,139.20196546710463,above_preferred,3
W09-B079,W09,Ward 9,23561.493428190122,2.356149342819012,10000,135.6149342819012,above_preferred,15
W09-B080,W09,Ward 9,23497.643781763192,2.349764378176319,10000,134.9764378176319,above_preferred,17
W09-B081,W09,Ward 9,23497.409545232462,2.3497409545232464,10000,134.97409545232463,above_preferred,14
W09-B082,W09,Ward 9,23188.818866569753,2.318881886656975,10000,131.88818866569753,above_preferred,3
W09-B083,W09,Ward 9,23188.818866569753,2.318881886656975,10000,131.88818866569753,above_preferred,2
W09-B084,W09,Ward 9,23188.818866558915,2.3188818866558916,10000,131.88818866558915,above_preferred,6
W09-B085,W09,Ward 9,23188.818866558915,2.3188818866558916,10000,131.88818866558915,above_preferred,11
W09-B086,W09,Ward 9,22758.403848185924,2.2758403848185926,10000,127.58403848185927,above_preferred,16
W09-B087,W09,Ward 9,22636.43603327277,2.263643603327277,10000,126.36436033272771,above_preferred,20
W09-B088,W09,Ward 9,22636.43603327277,2.263643603327277,10000,126.36436033272771,above_preferred,3
W09-B089,W09,Ward 9,22636.4360332647,2.26364360332647,10000,126.36436033264702,above_preferred,11
W09-B090,W09,Ward 9,22636.4360332647,2.26364360332647,10000,126.36436033264702,above_preferred,8
W09-B091,W09,Ward 9,22556.65143890997,2.255665143890997,10000,125.5665143890997,above_preferred,27
W09-B092,W09,Ward 9,22536.696434770027,2.2536696434770027,10000,125.36696434770028,above_preferred,4
W09-B093,W09,Ward 9,22410.071672933507,2.241007167293351,10000,124.10071672933509,above_preferred,10
W09-B094,W09,Ward 9,22259.829285487518,2.225982928548752,10000,122.59829285487518,above_preferred,19
W09-B095,W09,Ward 9,21920.734719607186,2.1920734719607187,10000,119.20734719607186,above_preferred,1
W09-B096,W09,Ward 9,21876.166009505607,2.1876166009505607,10000,118.76166009505607,above_preferred,23
W09-B097,W09,Ward 9,21828.015963829897,2.1828015963829897,10000,118.28015963829897,above_preferred,23
W09-B098,W09,Ward 9,21171.56656100262,2.1171566561002617,10000,111.71566561002618,above_preferred,18
W09-B099,W09,Ward 9,21044.550364038092,2.104455036403809,10000,110.4455036403809,above_preferred,23
W09-B100,W09,Ward 9,20786.313078289146,2.0786313078289145,10000,107.86313078289145,above_preferred,27
W09-B101,W09,Ward 9,20729.02520426442,2.072902520426442,10000,107.2902520426442,above_preferred,9
W09-B102,W09,Ward 9,20685.26141798608,2.068526141798608,10000,106.85261417986078,above_preferred,11
W09-B103,W09,Ward 9,20685.26141797641,2.068526141797641,10000,106.8526141797641,above_preferred,0
W09-B104,W09,Ward 9,20685.26141797641,2.068526141797641,10000,106.8526141797641,above_preferred,3
W09-B105,W09,Ward 9,20685.261417971586,2.0685261417971588,10000,106.85261417971587,above_preferred,4
W09-B106,W09,Ward 9,20685.261417961916,2.0685261417961915,10000,106.85261417961915,above_preferred,2
W09-B107,W09,Ward 9,20215.81836159063,2.021581836159063,10000,102.15818361590632,above_preferred,0
W09-B108,W09,Ward 9,20152.667248146805,2.0152667248146803,10000,101.52667248146803,above_preferred,29
W09-B109,W09,Ward 9,19846.37969990775,1.984637969990775,10000,98.4637969990775,above_preferred,9
W09-B110,W09,Ward 9,19623.696383769504,1.9623696383769504,10000,96.23696383769504,above_preferred,40
W09-B111,W09,Ward 9,19623.242058749714,1.9623242058749715,10000,96.23242058749715,above_preferred,3
W09-B112,W09,Ward 9,19470.669406895977,1.9470669406895977,10000,94.70669406895978,above_preferred,7
W09-B113,W09,Ward 9,19446.948781135354,1.9446948781135354,10000,94.46948781135353,above_preferred,21
W09-B114,W09,Ward 9,19167.109198649163,1.9167109198649164,10000,91.67109198649163,above_preferred,9
W09-B115,W09,Ward 9,18951.551935764455,1.8951551935764455,10000,89.51551935764455,above_preferred,12
W09-B116,W09,Ward 9,18768.965981454337,1.8768965981454337,10000,87.68965981454338,above_preferred,29
W09-B117,W09,Ward 9,18767.631884607163,1.8767631884607163,10000,87.67631884607164,above_preferred,21
W09-B118,W09,Ward 9,18620.51223941063,1.862051223941063,10000,86.2051223941063,above_preferred,13
W09-B119,W09,Ward 9,18520.720390873368,1.8520720390873369,10000,85.20720390873369,above_preferred,1
W09-B120,W09,Ward 9,18520.720390873368,1.8520720390873369,10000,85.20720390873369,above_preferred,4
W09-B121,W09,Ward 9,18520.720390866765,1.8520720390866765,10000,85.20720390866765,above_preferred,7
W09-B122,W09,Ward 9,18520.720390866765,1.8520720390866765,10000,85.20720390866765,above_preferred,4
W09-B123,W09,Ward 9,18439.115264797758,1.8439115264797759,10000,84.39115264797759,above_preferred,0
W09-B124,W09,Ward 9,18335.513186955104,1.8335513186955104,10000,83.35513186955103,above_preferred,6
W09-B125,W09,Ward 9,18300.830940216216,1.8300830940216215,10000,83.00830940216215,above_preferred,23
W09-B126,W09,Ward 9,18271.280873519507,1.8271280873519506,10000,82.71280873519507,above_preferred,30
W09-B127,W09,Ward 9,18232.094165076443,1.8232094165076445,10000,82.32094165076444,above_preferred,0
W09-B128,W09,Ward 9,17773.261778226293,1.7773261778226292,10000,77.73261778226292,above_preferred,10
W09-B129,W09,Ward 9,17654.156596991852,1.7654156596991852,10000,76.54156596991852,above_preferred,29
W09-B130,W09,Ward 9,17544.58812023045,1.754458812023045,10000,75.4458812023045,above_preferred,18
W09-B131,W09,Ward 9,17182.189282598374,1.7182189282598375,10000,71.82189282598375,above_preferred,31
W09-B132,W09,Ward 9,16068.129617660967,1.6068129617660967,10000,60.68129617660966,above_preferred,22
W09-B133,W09,Ward 9,15627.981267224483,1.5627981267224482,10000,56.27981267224482,above_preferred,27
W09-B134,W09,Ward 9,15613.612553571797,1.5613612553571796,10000,56.136125535717966,above_preferred,8
W09-B135,W09,Ward 9,14459.934333206202,1.4459934333206201,10000,44.59934333206201,above_preferred,8
W09-B136,W09,Ward 9,14154.594351708567,1.4154594351708567,10000,41.54594351708567,above_preferred,27
W09-B137,W09,Ward 9,13977.329281913582,1.3977329281913582,10000,39.77329281913582,above_preferred,15
W09-B138,W09,Ward 9,13448.081820365538,1.3448081820365538,10000,34.48081820365538,above_preferred,27
W09-B139,W09,Ward 9,13036.695503138868,1.3036695503138869,10000,30.366955031388688,above_preferred,7
W09-B140,W09,Ward 9,12380.48473937779,1.238048473937779,10000,23.804847393777905,above_preferred,0
W09-B141,W09,Ward 9,12236.364306286712,1.2236364306286713,10000,22.363643062867133,above_preferred,3
W09-B142,W09,Ward 9,11952.25021897516,1.195225021897516,10000,19.5225021897516,within_preferred,5
W09-B143,W09,Ward 9,11819.626581855517,1.1819626581855516,10000,18.19626581855516,within_preferred,10
W09-B144,W09,Ward 9,10194.493020286856,1.0194493020286857,10000,1.9449302028685667,within_preferred,28
W09-B145,W09,Ward 9,8389.13571372594,0.838913571372594,10000,-16.108642862740595,within_preferred,12
W09-B146,W09,Ward 9,8304.655618427403,0.8304655618427403,10000,-16.953443815725965,within_preferred,0
W09-B147,W09,Ward 9,7469.630475057929,0.7469630475057929,10000,-25.30369524942071,below_preferred,12
W09-B148,W09,Ward 9,2919.073622386201,0.29190736223862007,10000,-70.80926377613798,below_preferred,3
